config_id,n_runs,score_mean,score_std,val_loss_mean,val_loss_std,val_acc_mean,val_acc_std,best_epoch_mean,best_epoch_std,config_json
e5a693df4c24,1,0.00289713704466198,0.0,0.00289713704466198,0.0,1.0,0.0,800.0,0.0,"{""callbacks"": {""early_stopping"": true, ""min_delta"": 0.0, ""mode"": ""auto"", ""monitor"": ""val_loss"", ""patience"": 40, ""restore_best_weights"": true, ""verbose"": 0}, ""cv"": {""k"": 5, ""seed"": 42, ""shuffle"": true}, ""data"": {""train_path"": ""data/MONK/MONK1/monks-1.train""}, ""model"": {""activation"": ""relu"", ""dropout"": 0.0, ""hidden_units"": [4, 4]}, ""optim"": {""lr"": 0.3, ""momentum"": 0.0, ""name"": ""sgd""}, ""regularizer"": {""l2"": 0.0}, ""seed"": 42, ""split"": {""stratified"": true, ""val_size"": 0.2}, ""training"": {""batch_size"": 16, ""epochs"": 800, ""include_reg_in_val"": false, ""shuffle"": true}}"
a3857dfae647,1,0.0029094559440568974,0.0,0.0029094559440568974,0.0,1.0,0.0,800.0,0.0,"{""callbacks"": {""early_stopping"": true, ""min_delta"": 0.0, ""mode"": ""auto"", ""monitor"": ""val_loss"", ""patience"": 40, ""restore_best_weights"": true, ""verbose"": 0}, ""cv"": {""k"": 5, ""seed"": 42, ""shuffle"": true}, ""data"": {""train_path"": ""data/MONK/MONK1/monks-1.train""}, ""model"": {""activation"": ""relu"", ""dropout"": 0.0, ""hidden_units"": [4, 4]}, ""optim"": {""lr"": 0.3, ""momentum"": 0.0, ""name"": ""sgd""}, ""regularizer"": {""l2"": ""1e-6""}, ""seed"": 42, ""split"": {""stratified"": true, ""val_size"": 0.2}, ""training"": {""batch_size"": 16, ""epochs"": 800, ""include_reg_in_val"": false, ""shuffle"": true}}"
b8d5c1ca5ff0,1,0.007025446330413164,0.0,0.007025446330413164,0.0,1.0,0.0,216.0,0.0,"{""callbacks"": {""early_stopping"": true, ""min_delta"": 0.0, ""mode"": ""auto"", ""monitor"": ""val_loss"", ""patience"": 40, ""restore_best_weights"": true, ""verbose"": 0}, ""cv"": {""k"": 5, ""seed"": 42, ""shuffle"": true}, ""data"": {""train_path"": ""data/MONK/MONK1/monks-1.train""}, ""model"": {""activation"": ""relu"", ""dropout"": 0.1, ""hidden_units"": [4, 4]}, ""optim"": {""lr"": 0.3, ""momentum"": 0.0, ""name"": ""sgd""}, ""regularizer"": {""l2"": ""1e-6""}, ""seed"": 42, ""split"": {""stratified"": true, ""val_size"": 0.2}, ""training"": {""batch_size"": 16, ""epochs"": 800, ""include_reg_in_val"": false, ""shuffle"": true}}"
dd86be479469,1,0.010560091904669153,0.0,0.010560091904669153,0.0,1.0,0.0,133.0,0.0,"{""callbacks"": {""early_stopping"": true, ""min_delta"": 0.0, ""mode"": ""auto"", ""monitor"": ""val_loss"", ""patience"": 40, ""restore_best_weights"": true, ""verbose"": 0}, ""cv"": {""k"": 5, ""seed"": 42, ""shuffle"": true}, ""data"": {""train_path"": ""data/MONK/MONK1/monks-1.train""}, ""model"": {""activation"": ""tanh"", ""dropout"": 0.1, ""hidden_units"": [8, 4]}, ""optim"": {""lr"": 0.3, ""momentum"": 0.0, ""name"": ""sgd""}, ""regularizer"": {""l2"": 0.0}, ""seed"": 42, ""split"": {""stratified"": true, ""val_size"": 0.2}, ""training"": {""batch_size"": 16, ""epochs"": 800, ""include_reg_in_val"": false, ""shuffle"": true}}"
9430fba2393e,1,0.010564260575982098,0.0,0.010564260575982098,0.0,1.0,0.0,133.0,0.0,"{""callbacks"": {""early_stopping"": true, ""min_delta"": 0.0, ""mode"": ""auto"", ""monitor"": ""val_loss"", ""patience"": 40, ""restore_best_weights"": true, ""verbose"": 0}, ""cv"": {""k"": 5, ""seed"": 42, ""shuffle"": true}, ""data"": {""train_path"": ""data/MONK/MONK1/monks-1.train""}, ""model"": {""activation"": ""tanh"", ""dropout"": 0.1, ""hidden_units"": [8, 4]}, ""optim"": {""lr"": 0.3, ""momentum"": 0.0, ""name"": ""sgd""}, ""regularizer"": {""l2"": ""1e-6""}, ""seed"": 42, ""split"": {""stratified"": true, ""val_size"": 0.2}, ""training"": {""batch_size"": 16, ""epochs"": 800, ""include_reg_in_val"": false, ""shuffle"": true}}"
4737d3e51dab,1,0.015983871616215218,0.0,0.015983871616215218,0.0,1.0,0.0,117.0,0.0,"{""callbacks"": {""early_stopping"": true, ""min_delta"": 0.0, ""mode"": ""auto"", ""monitor"": ""val_loss"", ""patience"": 40, ""restore_best_weights"": true, ""verbose"": 0}, ""cv"": {""k"": 5, ""seed"": 42, ""shuffle"": true}, ""data"": {""train_path"": ""data/MONK/MONK1/monks-1.train""}, ""model"": {""activation"": ""relu"", ""dropout"": 0.1, ""hidden_units"": [4, 4]}, ""optim"": {""lr"": 0.3, ""momentum"": 0.0, ""name"": ""sgd""}, ""regularizer"": {""l2"": 0.0}, ""seed"": 42, ""split"": {""stratified"": true, ""val_size"": 0.2}, ""training"": {""batch_size"": 16, ""epochs"": 800, ""include_reg_in_val"": false, ""shuffle"": true}}"
900820f8abc2,1,0.017914415988538684,0.0,0.017914415988538684,0.0,1.0,0.0,175.0,0.0,"{""callbacks"": {""early_stopping"": true, ""min_delta"": 0.0, ""mode"": ""auto"", ""monitor"": ""val_loss"", ""patience"": 40, ""restore_best_weights"": true, ""verbose"": 0}, ""cv"": {""k"": 5, ""seed"": 42, ""shuffle"": true}, ""data"": {""train_path"": ""data/MONK/MONK1/monks-1.train""}, ""model"": {""activation"": ""relu"", ""dropout"": 0.1, ""hidden_units"": [8, 4]}, ""optim"": {""lr"": 0.3, ""momentum"": 0.0, ""name"": ""sgd""}, ""regularizer"": {""l2"": 0.0}, ""seed"": 42, ""split"": {""stratified"": true, ""val_size"": 0.2}, ""training"": {""batch_size"": 16, ""epochs"": 800, ""include_reg_in_val"": false, ""shuffle"": true}}"
d1a41b0fa8f6,1,0.01807614989187004,0.0,0.01807614989187004,0.0,1.0,0.0,175.0,0.0,"{""callbacks"": {""early_stopping"": true, ""min_delta"": 0.0, ""mode"": ""auto"", ""monitor"": ""val_loss"", ""patience"": 40, ""restore_best_weights"": true, ""verbose"": 0}, ""cv"": {""k"": 5, ""seed"": 42, ""shuffle"": true}, ""data"": {""train_path"": ""data/MONK/MONK1/monks-1.train""}, ""model"": {""activation"": ""relu"", ""dropout"": 0.1, ""hidden_units"": [8, 4]}, ""optim"": {""lr"": 0.3, ""momentum"": 0.0, ""name"": ""sgd""}, ""regularizer"": {""l2"": ""1e-6""}, ""seed"": 42, ""split"": {""stratified"": true, ""val_size"": 0.2}, ""training"": {""batch_size"": 16, ""epochs"": 800, ""include_reg_in_val"": false, ""shuffle"": true}}"
a7fcf94436bd,1,0.05735519942364688,0.0,0.05735519942364688,0.0,0.96,0.0,104.0,0.0,"{""callbacks"": {""early_stopping"": true, ""min_delta"": 0.0, ""mode"": ""auto"", ""monitor"": ""val_loss"", ""patience"": 40, ""restore_best_weights"": true, ""verbose"": 0}, ""cv"": {""k"": 5, ""seed"": 42, ""shuffle"": true}, ""data"": {""train_path"": ""data/MONK/MONK1/monks-1.train""}, ""model"": {""activation"": ""tanh"", ""dropout"": 0.0, ""hidden_units"": [8, 4]}, ""optim"": {""lr"": 0.3, ""momentum"": 0.0, ""name"": ""sgd""}, ""regularizer"": {""l2"": ""1e-6""}, ""seed"": 42, ""split"": {""stratified"": true, ""val_size"": 0.2}, ""training"": {""batch_size"": 16, ""epochs"": 800, ""include_reg_in_val"": false, ""shuffle"": true}}"
e6078ca3c3d9,1,0.05736269720954004,0.0,0.05736269720954004,0.0,0.96,0.0,104.0,0.0,"{""callbacks"": {""early_stopping"": true, ""min_delta"": 0.0, ""mode"": ""auto"", ""monitor"": ""val_loss"", ""patience"": 40, ""restore_best_weights"": true, ""verbose"": 0}, ""cv"": {""k"": 5, ""seed"": 42, ""shuffle"": true}, ""data"": {""train_path"": ""data/MONK/MONK1/monks-1.train""}, ""model"": {""activation"": ""tanh"", ""dropout"": 0.0, ""hidden_units"": [8, 4]}, ""optim"": {""lr"": 0.3, ""momentum"": 0.0, ""name"": ""sgd""}, ""regularizer"": {""l2"": 0.0}, ""seed"": 42, ""split"": {""stratified"": true, ""val_size"": 0.2}, ""training"": {""batch_size"": 16, ""epochs"": 800, ""include_reg_in_val"": false, ""shuffle"": true}}"
2d8100fe6db4,1,0.08280675478447339,0.0,0.08280675478447339,0.0,0.96,0.0,31.0,0.0,"{""callbacks"": {""early_stopping"": true, ""min_delta"": 0.0, ""mode"": ""auto"", ""monitor"": ""val_loss"", ""patience"": 40, ""restore_best_weights"": true, ""verbose"": 0}, ""cv"": {""k"": 5, ""seed"": 42, ""shuffle"": true}, ""data"": {""train_path"": ""data/MONK/MONK1/monks-1.train""}, ""model"": {""activation"": ""relu"", ""dropout"": 0.0, ""hidden_units"": [8, 4]}, ""optim"": {""lr"": 0.3, ""momentum"": 0.0, ""name"": ""sgd""}, ""regularizer"": {""l2"": 0.0}, ""seed"": 42, ""split"": {""stratified"": true, ""val_size"": 0.2}, ""training"": {""batch_size"": 16, ""epochs"": 800, ""include_reg_in_val"": false, ""shuffle"": true}}"
a58d14238306,1,0.0828130254637664,0.0,0.0828130254637664,0.0,0.96,0.0,31.0,0.0,"{""callbacks"": {""early_stopping"": true, ""min_delta"": 0.0, ""mode"": ""auto"", ""monitor"": ""val_loss"", ""patience"": 40, ""restore_best_weights"": true, ""verbose"": 0}, ""cv"": {""k"": 5, ""seed"": 42, ""shuffle"": true}, ""data"": {""train_path"": ""data/MONK/MONK1/monks-1.train""}, ""model"": {""activation"": ""relu"", ""dropout"": 0.0, ""hidden_units"": [8, 4]}, ""optim"": {""lr"": 0.3, ""momentum"": 0.0, ""name"": ""sgd""}, ""regularizer"": {""l2"": ""1e-6""}, ""seed"": 42, ""split"": {""stratified"": true, ""val_size"": 0.2}, ""training"": {""batch_size"": 16, ""epochs"": 800, ""include_reg_in_val"": false, ""shuffle"": true}}"
3cf585a75577,1,0.11045062338665015,0.0,0.11045062338665015,0.0,0.96,0.0,103.0,0.0,"{""callbacks"": {""early_stopping"": true, ""min_delta"": 0.0, ""mode"": ""auto"", ""monitor"": ""val_loss"", ""patience"": 40, ""restore_best_weights"": true, ""verbose"": 0}, ""cv"": {""k"": 5, ""seed"": 42, ""shuffle"": true}, ""data"": {""train_path"": ""data/MONK/MONK1/monks-1.train""}, ""model"": {""activation"": ""tanh"", ""dropout"": 0.1, ""hidden_units"": [4, 4]}, ""optim"": {""lr"": 0.3, ""momentum"": 0.0, ""name"": ""sgd""}, ""regularizer"": {""l2"": ""1e-6""}, ""seed"": 42, ""split"": {""stratified"": true, ""val_size"": 0.2}, ""training"": {""batch_size"": 16, ""epochs"": 800, ""include_reg_in_val"": false, ""shuffle"": true}}"
f75658d0cdde,1,0.1104627726408634,0.0,0.1104627726408634,0.0,0.96,0.0,103.0,0.0,"{""callbacks"": {""early_stopping"": true, ""min_delta"": 0.0, ""mode"": ""auto"", ""monitor"": ""val_loss"", ""patience"": 40, ""restore_best_weights"": true, ""verbose"": 0}, ""cv"": {""k"": 5, ""seed"": 42, ""shuffle"": true}, ""data"": {""train_path"": ""data/MONK/MONK1/monks-1.train""}, ""model"": {""activation"": ""tanh"", ""dropout"": 0.1, ""hidden_units"": [4, 4]}, ""optim"": {""lr"": 0.3, ""momentum"": 0.0, ""name"": ""sgd""}, ""regularizer"": {""l2"": 0.0}, ""seed"": 42, ""split"": {""stratified"": true, ""val_size"": 0.2}, ""training"": {""batch_size"": 16, ""epochs"": 800, ""include_reg_in_val"": false, ""shuffle"": true}}"
d1bf503d95a8,1,0.15224348702813878,0.0,0.15224348702813878,0.0,0.96,0.0,103.0,0.0,"{""callbacks"": {""early_stopping"": true, ""min_delta"": 0.0, ""mode"": ""auto"", ""monitor"": ""val_loss"", ""patience"": 40, ""restore_best_weights"": true, ""verbose"": 0}, ""cv"": {""k"": 5, ""seed"": 42, ""shuffle"": true}, ""data"": {""train_path"": ""data/MONK/MONK1/monks-1.train""}, ""model"": {""activation"": ""tanh"", ""dropout"": 0.0, ""hidden_units"": [4, 4]}, ""optim"": {""lr"": 0.3, ""momentum"": 0.0, ""name"": ""sgd""}, ""regularizer"": {""l2"": ""1e-6""}, ""seed"": 42, ""split"": {""stratified"": true, ""val_size"": 0.2}, ""training"": {""batch_size"": 16, ""epochs"": 800, ""include_reg_in_val"": false, ""shuffle"": true}}"
c2b1524febec,1,0.1522859564075668,0.0,0.1522859564075668,0.0,0.96,0.0,103.0,0.0,"{""callbacks"": {""early_stopping"": true, ""min_delta"": 0.0, ""mode"": ""auto"", ""monitor"": ""val_loss"", ""patience"": 40, ""restore_best_weights"": true, ""verbose"": 0}, ""cv"": {""k"": 5, ""seed"": 42, ""shuffle"": true}, ""data"": {""train_path"": ""data/MONK/MONK1/monks-1.train""}, ""model"": {""activation"": ""tanh"", ""dropout"": 0.0, ""hidden_units"": [4, 4]}, ""optim"": {""lr"": 0.3, ""momentum"": 0.0, ""name"": ""sgd""}, ""regularizer"": {""l2"": 0.0}, ""seed"": 42, ""split"": {""stratified"": true, ""val_size"": 0.2}, ""training"": {""batch_size"": 16, ""epochs"": 800, ""include_reg_in_val"": false, ""shuffle"": true}}"
b03d20043716,1,0.1610321284924134,0.0,0.1610321284924134,0.0,0.88,0.0,532.0,0.0,"{""callbacks"": {""early_stopping"": true, ""min_delta"": 0.0, ""mode"": ""auto"", ""monitor"": ""val_loss"", ""patience"": 40, ""restore_best_weights"": true, ""verbose"": 0}, ""cv"": {""k"": 5, ""seed"": 42, ""shuffle"": true}, ""data"": {""train_path"": ""data/MONK/MONK1/monks-1.train""}, ""model"": {""activation"": ""sigmoid"", ""dropout"": 0.1, ""hidden_units"": [4, 4]}, ""optim"": {""lr"": 0.3, ""momentum"": 0.0, ""name"": ""sgd""}, ""regularizer"": {""l2"": 0.0}, ""seed"": 42, ""split"": {""stratified"": true, ""val_size"": 0.2}, ""training"": {""batch_size"": 16, ""epochs"": 800, ""include_reg_in_val"": false, ""shuffle"": true}}"
71c430567ae9,1,0.1611749383896037,0.0,0.1611749383896037,0.0,0.88,0.0,532.0,0.0,"{""callbacks"": {""early_stopping"": true, ""min_delta"": 0.0, ""mode"": ""auto"", ""monitor"": ""val_loss"", ""patience"": 40, ""restore_best_weights"": true, ""verbose"": 0}, ""cv"": {""k"": 5, ""seed"": 42, ""shuffle"": true}, ""data"": {""train_path"": ""data/MONK/MONK1/monks-1.train""}, ""model"": {""activation"": ""sigmoid"", ""dropout"": 0.1, ""hidden_units"": [4, 4]}, ""optim"": {""lr"": 0.3, ""momentum"": 0.0, ""name"": ""sgd""}, ""regularizer"": {""l2"": ""1e-6""}, ""seed"": 42, ""split"": {""stratified"": true, ""val_size"": 0.2}, ""training"": {""batch_size"": 16, ""epochs"": 800, ""include_reg_in_val"": false, ""shuffle"": true}}"
90b59fab4baf,1,0.21722043688425025,0.0,0.21722043688425025,0.0,0.92,0.0,414.0,0.0,"{""callbacks"": {""early_stopping"": true, ""min_delta"": 0.0, ""mode"": ""auto"", ""monitor"": ""val_loss"", ""patience"": 40, ""restore_best_weights"": true, ""verbose"": 0}, ""cv"": {""k"": 5, ""seed"": 42, ""shuffle"": true}, ""data"": {""train_path"": ""data/MONK/MONK1/monks-1.train""}, ""model"": {""activation"": ""sigmoid"", ""dropout"": 0.0, ""hidden_units"": [4, 4]}, ""optim"": {""lr"": 0.3, ""momentum"": 0.0, ""name"": ""sgd""}, ""regularizer"": {""l2"": ""1e-6""}, ""seed"": 42, ""split"": {""stratified"": true, ""val_size"": 0.2}, ""training"": {""batch_size"": 16, ""epochs"": 800, ""include_reg_in_val"": false, ""shuffle"": true}}"
bc107c22edef,1,0.21722795481680207,0.0,0.21722795481680207,0.0,0.92,0.0,414.0,0.0,"{""callbacks"": {""early_stopping"": true, ""min_delta"": 0.0, ""mode"": ""auto"", ""monitor"": ""val_loss"", ""patience"": 40, ""restore_best_weights"": true, ""verbose"": 0}, ""cv"": {""k"": 5, ""seed"": 42, ""shuffle"": true}, ""data"": {""train_path"": ""data/MONK/MONK1/monks-1.train""}, ""model"": {""activation"": ""sigmoid"", ""dropout"": 0.0, ""hidden_units"": [4, 4]}, ""optim"": {""lr"": 0.3, ""momentum"": 0.0, ""name"": ""sgd""}, ""regularizer"": {""l2"": 0.0}, ""seed"": 42, ""split"": {""stratified"": true, ""val_size"": 0.2}, ""training"": {""batch_size"": 16, ""epochs"": 800, ""include_reg_in_val"": false, ""shuffle"": true}}"
fa62b21f0f48,1,0.2687743258744575,0.0,0.2687743258744575,0.0,0.88,0.0,44.0,0.0,"{""callbacks"": {""early_stopping"": true, ""min_delta"": 0.0, ""mode"": ""auto"", ""monitor"": ""val_loss"", ""patience"": 40, ""restore_best_weights"": true, ""verbose"": 0}, ""cv"": {""k"": 5, ""seed"": 42, ""shuffle"": true}, ""data"": {""train_path"": ""data/MONK/MONK1/monks-1.train""}, ""model"": {""activation"": ""tanh"", ""dropout"": 0.0, ""hidden_units"": [8, 4]}, ""optim"": {""lr"": 0.3, ""momentum"": 0.0, ""name"": ""adam""}, ""regularizer"": {""l2"": 0.0}, ""seed"": 42, ""split"": {""stratified"": true, ""val_size"": 0.2}, ""training"": {""batch_size"": 16, ""epochs"": 800, ""include_reg_in_val"": false, ""shuffle"": true}}"
9325861ae562,1,0.30440314009008773,0.0,0.30440314009008773,0.0,0.88,0.0,288.0,0.0,"{""callbacks"": {""early_stopping"": true, ""min_delta"": 0.0, ""mode"": ""auto"", ""monitor"": ""val_loss"", ""patience"": 40, ""restore_best_weights"": true, ""verbose"": 0}, ""cv"": {""k"": 5, ""seed"": 42, ""shuffle"": true}, ""data"": {""train_path"": ""data/MONK/MONK1/monks-1.train""}, ""model"": {""activation"": ""sigmoid"", ""dropout"": 0.0, ""hidden_units"": [8, 4]}, ""optim"": {""lr"": 0.3, ""momentum"": 0.0, ""name"": ""sgd""}, ""regularizer"": {""l2"": ""1e-6""}, ""seed"": 42, ""split"": {""stratified"": true, ""val_size"": 0.2}, ""training"": {""batch_size"": 16, ""epochs"": 800, ""include_reg_in_val"": false, ""shuffle"": true}}"
358721bbe3a1,1,0.30444742892578786,0.0,0.30444742892578786,0.0,0.88,0.0,288.0,0.0,"{""callbacks"": {""early_stopping"": true, ""min_delta"": 0.0, ""mode"": ""auto"", ""monitor"": ""val_loss"", ""patience"": 40, ""restore_best_weights"": true, ""verbose"": 0}, ""cv"": {""k"": 5, ""seed"": 42, ""shuffle"": true}, ""data"": {""train_path"": ""data/MONK/MONK1/monks-1.train""}, ""model"": {""activation"": ""sigmoid"", ""dropout"": 0.0, ""hidden_units"": [8, 4]}, ""optim"": {""lr"": 0.3, ""momentum"": 0.0, ""name"": ""sgd""}, ""regularizer"": {""l2"": 0.0}, ""seed"": 42, ""split"": {""stratified"": true, ""val_size"": 0.2}, ""training"": {""batch_size"": 16, ""epochs"": 800, ""include_reg_in_val"": false, ""shuffle"": true}}"
04130f47d631,1,0.30646987730441405,0.0,0.30646987730441405,0.0,0.88,0.0,32.0,0.0,"{""callbacks"": {""early_stopping"": true, ""min_delta"": 0.0, ""mode"": ""auto"", ""monitor"": ""val_loss"", ""patience"": 40, ""restore_best_weights"": true, ""verbose"": 0}, ""cv"": {""k"": 5, ""seed"": 42, ""shuffle"": true}, ""data"": {""train_path"": ""data/MONK/MONK1/monks-1.train""}, ""model"": {""activation"": ""sigmoid"", ""dropout"": 0.1, ""hidden_units"": [4, 4]}, ""optim"": {""lr"": 0.3, ""momentum"": 0.0, ""name"": ""adam""}, ""regularizer"": {""l2"": 0.0}, ""seed"": 42, ""split"": {""stratified"": true, ""val_size"": 0.2}, ""training"": {""batch_size"": 16, ""epochs"": 800, ""include_reg_in_val"": false, ""shuffle"": true}}"
9831a2f1962a,1,0.30912606082396005,0.0,0.30912606082396005,0.0,0.88,0.0,110.0,0.0,"{""callbacks"": {""early_stopping"": true, ""min_delta"": 0.0, ""mode"": ""auto"", ""monitor"": ""val_loss"", ""patience"": 40, ""restore_best_weights"": true, ""verbose"": 0}, ""cv"": {""k"": 5, ""seed"": 42, ""shuffle"": true}, ""data"": {""train_path"": ""data/MONK/MONK1/monks-1.train""}, ""model"": {""activation"": ""tanh"", ""dropout"": 0.0, ""hidden_units"": [4, 4]}, ""optim"": {""lr"": 0.3, ""momentum"": 0.0, ""name"": ""adam""}, ""regularizer"": {""l2"": 0.0}, ""seed"": 42, ""split"": {""stratified"": true, ""val_size"": 0.2}, ""training"": {""batch_size"": 16, ""epochs"": 800, ""include_reg_in_val"": false, ""shuffle"": true}}"
99ff24d4acc7,1,0.30938954450183703,0.0,0.30938954450183703,0.0,0.88,0.0,89.0,0.0,"{""callbacks"": {""early_stopping"": true, ""min_delta"": 0.0, ""mode"": ""auto"", ""monitor"": ""val_loss"", ""patience"": 40, ""restore_best_weights"": true, ""verbose"": 0}, ""cv"": {""k"": 5, ""seed"": 42, ""shuffle"": true}, ""data"": {""train_path"": ""data/MONK/MONK1/monks-1.train""}, ""model"": {""activation"": ""tanh"", ""dropout"": 0.0, ""hidden_units"": [4, 4]}, ""optim"": {""lr"": 0.3, ""momentum"": 0.0, ""name"": ""adam""}, ""regularizer"": {""l2"": ""1e-6""}, ""seed"": 42, ""split"": {""stratified"": true, ""val_size"": 0.2}, ""training"": {""batch_size"": 16, ""epochs"": 800, ""include_reg_in_val"": false, ""shuffle"": true}}"
ed6ec8beeab3,1,0.3095808760211638,0.0,0.3095808760211638,0.0,0.88,0.0,65.0,0.0,"{""callbacks"": {""early_stopping"": true, ""min_delta"": 0.0, ""mode"": ""auto"", ""monitor"": ""val_loss"", ""patience"": 40, ""restore_best_weights"": true, ""verbose"": 0}, ""cv"": {""k"": 5, ""seed"": 42, ""shuffle"": true}, ""data"": {""train_path"": ""data/MONK/MONK1/monks-1.train""}, ""model"": {""activation"": ""sigmoid"", ""dropout"": 0.1, ""hidden_units"": [8, 4]}, ""optim"": {""lr"": 0.3, ""momentum"": 0.0, ""name"": ""adam""}, ""regularizer"": {""l2"": 0.0}, ""seed"": 42, ""split"": {""stratified"": true, ""val_size"": 0.2}, ""training"": {""batch_size"": 16, ""epochs"": 800, ""include_reg_in_val"": false, ""shuffle"": true}}"
2596df5d3cbe,1,0.3123481780057818,0.0,0.3123481780057818,0.0,0.88,0.0,35.0,0.0,"{""callbacks"": {""early_stopping"": true, ""min_delta"": 0.0, ""mode"": ""auto"", ""monitor"": ""val_loss"", ""patience"": 40, ""restore_best_weights"": true, ""verbose"": 0}, ""cv"": {""k"": 5, ""seed"": 42, ""shuffle"": true}, ""data"": {""train_path"": ""data/MONK/MONK1/monks-1.train""}, ""model"": {""activation"": ""sigmoid"", ""dropout"": 0.1, ""hidden_units"": [8, 4]}, ""optim"": {""lr"": 0.3, ""momentum"": 0.0, ""name"": ""adam""}, ""regularizer"": {""l2"": ""1e-6""}, ""seed"": 42, ""split"": {""stratified"": true, ""val_size"": 0.2}, ""training"": {""batch_size"": 16, ""epochs"": 800, ""include_reg_in_val"": false, ""shuffle"": true}}"
0e9d9a0a8ac6,1,0.31334020570681076,0.0,0.31334020570681076,0.0,0.84,0.0,23.0,0.0,"{""callbacks"": {""early_stopping"": true, ""min_delta"": 0.0, ""mode"": ""auto"", ""monitor"": ""val_loss"", ""patience"": 40, ""restore_best_weights"": true, ""verbose"": 0}, ""cv"": {""k"": 5, ""seed"": 42, ""shuffle"": true}, ""data"": {""train_path"": ""data/MONK/MONK1/monks-1.train""}, ""model"": {""activation"": ""tanh"", ""dropout"": 0.0, ""hidden_units"": [8, 4]}, ""optim"": {""lr"": 0.3, ""momentum"": 0.0, ""name"": ""adam""}, ""regularizer"": {""l2"": ""1e-6""}, ""seed"": 42, ""split"": {""stratified"": true, ""val_size"": 0.2}, ""training"": {""batch_size"": 16, ""epochs"": 800, ""include_reg_in_val"": false, ""shuffle"": true}}"
5545012dacae,1,0.3142748786270662,0.0,0.3142748786270662,0.0,0.88,0.0,34.0,0.0,"{""callbacks"": {""early_stopping"": true, ""min_delta"": 0.0, ""mode"": ""auto"", ""monitor"": ""val_loss"", ""patience"": 40, ""restore_best_weights"": true, ""verbose"": 0}, ""cv"": {""k"": 5, ""seed"": 42, ""shuffle"": true}, ""data"": {""train_path"": ""data/MONK/MONK1/monks-1.train""}, ""model"": {""activation"": ""tanh"", ""dropout"": 0.1, ""hidden_units"": [4, 4]}, ""optim"": {""lr"": 0.3, ""momentum"": 0.0, ""name"": ""adam""}, ""regularizer"": {""l2"": ""1e-6""}, ""seed"": 42, ""split"": {""stratified"": true, ""val_size"": 0.2}, ""training"": {""batch_size"": 16, ""epochs"": 800, ""include_reg_in_val"": false, ""shuffle"": true}}"
0004e5a442ca,1,0.3154195013246823,0.0,0.3154195013246823,0.0,0.88,0.0,13.0,0.0,"{""callbacks"": {""early_stopping"": true, ""min_delta"": 0.0, ""mode"": ""auto"", ""monitor"": ""val_loss"", ""patience"": 40, ""restore_best_weights"": true, ""verbose"": 0}, ""cv"": {""k"": 5, ""seed"": 42, ""shuffle"": true}, ""data"": {""train_path"": ""data/MONK/MONK1/monks-1.train""}, ""model"": {""activation"": ""sigmoid"", ""dropout"": 0.0, ""hidden_units"": [8, 4]}, ""optim"": {""lr"": 0.3, ""momentum"": 0.0, ""name"": ""adam""}, ""regularizer"": {""l2"": ""1e-6""}, ""seed"": 42, ""split"": {""stratified"": true, ""val_size"": 0.2}, ""training"": {""batch_size"": 16, ""epochs"": 800, ""include_reg_in_val"": false, ""shuffle"": true}}"
fcd5a44662c7,1,0.3188214576541816,0.0,0.3188214576541816,0.0,0.88,0.0,31.0,0.0,"{""callbacks"": {""early_stopping"": true, ""min_delta"": 0.0, ""mode"": ""auto"", ""monitor"": ""val_loss"", ""patience"": 40, ""restore_best_weights"": true, ""verbose"": 0}, ""cv"": {""k"": 5, ""seed"": 42, ""shuffle"": true}, ""data"": {""train_path"": ""data/MONK/MONK1/monks-1.train""}, ""model"": {""activation"": ""sigmoid"", ""dropout"": 0.1, ""hidden_units"": [4, 4]}, ""optim"": {""lr"": 0.3, ""momentum"": 0.0, ""name"": ""adam""}, ""regularizer"": {""l2"": ""1e-6""}, ""seed"": 42, ""split"": {""stratified"": true, ""val_size"": 0.2}, ""training"": {""batch_size"": 16, ""epochs"": 800, ""include_reg_in_val"": false, ""shuffle"": true}}"
06d12ab41d8e,1,0.3224167675838718,0.0,0.3224167675838718,0.0,0.88,0.0,88.0,0.0,"{""callbacks"": {""early_stopping"": true, ""min_delta"": 0.0, ""mode"": ""auto"", ""monitor"": ""val_loss"", ""patience"": 40, ""restore_best_weights"": true, ""verbose"": 0}, ""cv"": {""k"": 5, ""seed"": 42, ""shuffle"": true}, ""data"": {""train_path"": ""data/MONK/MONK1/monks-1.train""}, ""model"": {""activation"": ""tanh"", ""dropout"": 0.1, ""hidden_units"": [4, 4]}, ""optim"": {""lr"": 0.3, ""momentum"": 0.0, ""name"": ""adam""}, ""regularizer"": {""l2"": 0.0}, ""seed"": 42, ""split"": {""stratified"": true, ""val_size"": 0.2}, ""training"": {""batch_size"": 16, ""epochs"": 800, ""include_reg_in_val"": false, ""shuffle"": true}}"
c9a5f4d6b91b,1,0.3384488726273909,0.0,0.3384488726273909,0.0,0.88,0.0,327.0,0.0,"{""callbacks"": {""early_stopping"": true, ""min_delta"": 0.0, ""mode"": ""auto"", ""monitor"": ""val_loss"", ""patience"": 40, ""restore_best_weights"": true, ""verbose"": 0}, ""cv"": {""k"": 5, ""seed"": 42, ""shuffle"": true}, ""data"": {""train_path"": ""data/MONK/MONK1/monks-1.train""}, ""model"": {""activation"": ""sigmoid"", ""dropout"": 0.1, ""hidden_units"": [8, 4]}, ""optim"": {""lr"": 0.3, ""momentum"": 0.0, ""name"": ""sgd""}, ""regularizer"": {""l2"": 0.0}, ""seed"": 42, ""split"": {""stratified"": true, ""val_size"": 0.2}, ""training"": {""batch_size"": 16, ""epochs"": 800, ""include_reg_in_val"": false, ""shuffle"": true}}"
874ee54b02be,1,0.33848143378683104,0.0,0.33848143378683104,0.0,0.88,0.0,327.0,0.0,"{""callbacks"": {""early_stopping"": true, ""min_delta"": 0.0, ""mode"": ""auto"", ""monitor"": ""val_loss"", ""patience"": 40, ""restore_best_weights"": true, ""verbose"": 0}, ""cv"": {""k"": 5, ""seed"": 42, ""shuffle"": true}, ""data"": {""train_path"": ""data/MONK/MONK1/monks-1.train""}, ""model"": {""activation"": ""sigmoid"", ""dropout"": 0.1, ""hidden_units"": [8, 4]}, ""optim"": {""lr"": 0.3, ""momentum"": 0.0, ""name"": ""sgd""}, ""regularizer"": {""l2"": ""1e-6""}, ""seed"": 42, ""split"": {""stratified"": true, ""val_size"": 0.2}, ""training"": {""batch_size"": 16, ""epochs"": 800, ""include_reg_in_val"": false, ""shuffle"": true}}"
353acdbb875d,1,0.37104627260371453,0.0,0.37104627260371453,0.0,0.84,0.0,70.0,0.0,"{""callbacks"": {""early_stopping"": true, ""min_delta"": 0.0, ""mode"": ""auto"", ""monitor"": ""val_loss"", ""patience"": 40, ""restore_best_weights"": true, ""verbose"": 0}, ""cv"": {""k"": 5, ""seed"": 42, ""shuffle"": true}, ""data"": {""train_path"": ""data/MONK/MONK1/monks-1.train""}, ""model"": {""activation"": ""sigmoid"", ""dropout"": 0.0, ""hidden_units"": [4, 4]}, ""optim"": {""lr"": 0.3, ""momentum"": 0.0, ""name"": ""adam""}, ""regularizer"": {""l2"": 0.0}, ""seed"": 42, ""split"": {""stratified"": true, ""val_size"": 0.2}, ""training"": {""batch_size"": 16, ""epochs"": 800, ""include_reg_in_val"": false, ""shuffle"": true}}"
f104c184dc59,1,0.371055056919353,0.0,0.371055056919353,0.0,0.84,0.0,70.0,0.0,"{""callbacks"": {""early_stopping"": true, ""min_delta"": 0.0, ""mode"": ""auto"", ""monitor"": ""val_loss"", ""patience"": 40, ""restore_best_weights"": true, ""verbose"": 0}, ""cv"": {""k"": 5, ""seed"": 42, ""shuffle"": true}, ""data"": {""train_path"": ""data/MONK/MONK1/monks-1.train""}, ""model"": {""activation"": ""sigmoid"", ""dropout"": 0.0, ""hidden_units"": [4, 4]}, ""optim"": {""lr"": 0.3, ""momentum"": 0.0, ""name"": ""adam""}, ""regularizer"": {""l2"": ""1e-6""}, ""seed"": 42, ""split"": {""stratified"": true, ""val_size"": 0.2}, ""training"": {""batch_size"": 16, ""epochs"": 800, ""include_reg_in_val"": false, ""shuffle"": true}}"
fb5b85b478ef,1,0.37375801460286723,0.0,0.37375801460286723,0.0,0.84,0.0,16.0,0.0,"{""callbacks"": {""early_stopping"": true, ""min_delta"": 0.0, ""mode"": ""auto"", ""monitor"": ""val_loss"", ""patience"": 40, ""restore_best_weights"": true, ""verbose"": 0}, ""cv"": {""k"": 5, ""seed"": 42, ""shuffle"": true}, ""data"": {""train_path"": ""data/MONK/MONK1/monks-1.train""}, ""model"": {""activation"": ""tanh"", ""dropout"": 0.1, ""hidden_units"": [8, 4]}, ""optim"": {""lr"": 0.3, ""momentum"": 0.0, ""name"": ""adam""}, ""regularizer"": {""l2"": ""1e-6""}, ""seed"": 42, ""split"": {""stratified"": true, ""val_size"": 0.2}, ""training"": {""batch_size"": 16, ""epochs"": 800, ""include_reg_in_val"": false, ""shuffle"": true}}"
2ed586a52a5d,1,0.37566051691216246,0.0,0.37566051691216246,0.0,0.84,0.0,6.0,0.0,"{""callbacks"": {""early_stopping"": true, ""min_delta"": 0.0, ""mode"": ""auto"", ""monitor"": ""val_loss"", ""patience"": 40, ""restore_best_weights"": true, ""verbose"": 0}, ""cv"": {""k"": 5, ""seed"": 42, ""shuffle"": true}, ""data"": {""train_path"": ""data/MONK/MONK1/monks-1.train""}, ""model"": {""activation"": ""sigmoid"", ""dropout"": 0.0, ""hidden_units"": [8, 4]}, ""optim"": {""lr"": 0.3, ""momentum"": 0.0, ""name"": ""adam""}, ""regularizer"": {""l2"": 0.0}, ""seed"": 42, ""split"": {""stratified"": true, ""val_size"": 0.2}, ""training"": {""batch_size"": 16, ""epochs"": 800, ""include_reg_in_val"": false, ""shuffle"": true}}"
eaf4c62c67e1,1,0.43027491412676794,0.0,0.43027491412676794,0.0,0.84,0.0,7.0,0.0,"{""callbacks"": {""early_stopping"": true, ""min_delta"": 0.0, ""mode"": ""auto"", ""monitor"": ""val_loss"", ""patience"": 40, ""restore_best_weights"": true, ""verbose"": 0}, ""cv"": {""k"": 5, ""seed"": 42, ""shuffle"": true}, ""data"": {""train_path"": ""data/MONK/MONK1/monks-1.train""}, ""model"": {""activation"": ""tanh"", ""dropout"": 0.1, ""hidden_units"": [8, 4]}, ""optim"": {""lr"": 0.3, ""momentum"": 0.0, ""name"": ""adam""}, ""regularizer"": {""l2"": 0.0}, ""seed"": 42, ""split"": {""stratified"": true, ""val_size"": 0.2}, ""training"": {""batch_size"": 16, ""epochs"": 800, ""include_reg_in_val"": false, ""shuffle"": true}}"
d71567aee200,1,0.6907937585494692,0.0,0.6907937585494692,0.0,0.52,0.0,1.0,0.0,"{""callbacks"": {""early_stopping"": true, ""min_delta"": 0.0, ""mode"": ""auto"", ""monitor"": ""val_loss"", ""patience"": 40, ""restore_best_weights"": true, ""verbose"": 0}, ""cv"": {""k"": 5, ""seed"": 42, ""shuffle"": true}, ""data"": {""train_path"": ""data/MONK/MONK1/monks-1.train""}, ""model"": {""activation"": ""relu"", ""dropout"": 0.0, ""hidden_units"": [4, 4]}, ""optim"": {""lr"": 0.3, ""momentum"": 0.0, ""name"": ""adam""}, ""regularizer"": {""l2"": ""1e-6""}, ""seed"": 42, ""split"": {""stratified"": true, ""val_size"": 0.2}, ""training"": {""batch_size"": 16, ""epochs"": 800, ""include_reg_in_val"": false, ""shuffle"": true}}"
5bf275a931a4,1,0.6908753863149244,0.0,0.6908753863149244,0.0,0.52,0.0,1.0,0.0,"{""callbacks"": {""early_stopping"": true, ""min_delta"": 0.0, ""mode"": ""auto"", ""monitor"": ""val_loss"", ""patience"": 40, ""restore_best_weights"": true, ""verbose"": 0}, ""cv"": {""k"": 5, ""seed"": 42, ""shuffle"": true}, ""data"": {""train_path"": ""data/MONK/MONK1/monks-1.train""}, ""model"": {""activation"": ""relu"", ""dropout"": 0.0, ""hidden_units"": [4, 4]}, ""optim"": {""lr"": 0.3, ""momentum"": 0.0, ""name"": ""adam""}, ""regularizer"": {""l2"": 0.0}, ""seed"": 42, ""split"": {""stratified"": true, ""val_size"": 0.2}, ""training"": {""batch_size"": 16, ""epochs"": 800, ""include_reg_in_val"": false, ""shuffle"": true}}"
c9f14a883ad4,1,0.6922786208929642,0.0,0.6922786208929642,0.0,0.52,0.0,1.0,0.0,"{""callbacks"": {""early_stopping"": true, ""min_delta"": 0.0, ""mode"": ""auto"", ""monitor"": ""val_loss"", ""patience"": 40, ""restore_best_weights"": true, ""verbose"": 0}, ""cv"": {""k"": 5, ""seed"": 42, ""shuffle"": true}, ""data"": {""train_path"": ""data/MONK/MONK1/monks-1.train""}, ""model"": {""activation"": ""relu"", ""dropout"": 0.1, ""hidden_units"": [4, 4]}, ""optim"": {""lr"": 0.3, ""momentum"": 0.0, ""name"": ""adam""}, ""regularizer"": {""l2"": 0.0}, ""seed"": 42, ""split"": {""stratified"": true, ""val_size"": 0.2}, ""training"": {""batch_size"": 16, ""epochs"": 800, ""include_reg_in_val"": false, ""shuffle"": true}}"
648972fa1d5b,1,0.6923469705583551,0.0,0.6923469705583551,0.0,0.52,0.0,23.0,0.0,"{""callbacks"": {""early_stopping"": true, ""min_delta"": 0.0, ""mode"": ""auto"", ""monitor"": ""val_loss"", ""patience"": 40, ""restore_best_weights"": true, ""verbose"": 0}, ""cv"": {""k"": 5, ""seed"": 42, ""shuffle"": true}, ""data"": {""train_path"": ""data/MONK/MONK1/monks-1.train""}, ""model"": {""activation"": ""relu"", ""dropout"": 0.0, ""hidden_units"": [8, 4]}, ""optim"": {""lr"": 0.3, ""momentum"": 0.0, ""name"": ""adam""}, ""regularizer"": {""l2"": ""1e-6""}, ""seed"": 42, ""split"": {""stratified"": true, ""val_size"": 0.2}, ""training"": {""batch_size"": 16, ""epochs"": 800, ""include_reg_in_val"": false, ""shuffle"": true}}"
0cd7fbbac15f,1,0.692346977050438,0.0,0.692346977050438,0.0,0.52,0.0,90.0,0.0,"{""callbacks"": {""early_stopping"": true, ""min_delta"": 0.0, ""mode"": ""auto"", ""monitor"": ""val_loss"", ""patience"": 40, ""restore_best_weights"": true, ""verbose"": 0}, ""cv"": {""k"": 5, ""seed"": 42, ""shuffle"": true}, ""data"": {""train_path"": ""data/MONK/MONK1/monks-1.train""}, ""model"": {""activation"": ""relu"", ""dropout"": 0.1, ""hidden_units"": [4, 4]}, ""optim"": {""lr"": 0.3, ""momentum"": 0.0, ""name"": ""adam""}, ""regularizer"": {""l2"": ""1e-6""}, ""seed"": 42, ""split"": {""stratified"": true, ""val_size"": 0.2}, ""training"": {""batch_size"": 16, ""epochs"": 800, ""include_reg_in_val"": false, ""shuffle"": true}}"
6b36a333acbc,1,0.6923470299909323,0.0,0.6923470299909323,0.0,0.52,0.0,90.0,0.0,"{""callbacks"": {""early_stopping"": true, ""min_delta"": 0.0, ""mode"": ""auto"", ""monitor"": ""val_loss"", ""patience"": 40, ""restore_best_weights"": true, ""verbose"": 0}, ""cv"": {""k"": 5, ""seed"": 42, ""shuffle"": true}, ""data"": {""train_path"": ""data/MONK/MONK1/monks-1.train""}, ""model"": {""activation"": ""relu"", ""dropout"": 0.0, ""hidden_units"": [8, 4]}, ""optim"": {""lr"": 0.3, ""momentum"": 0.0, ""name"": ""adam""}, ""regularizer"": {""l2"": 0.0}, ""seed"": 42, ""split"": {""stratified"": true, ""val_size"": 0.2}, ""training"": {""batch_size"": 16, ""epochs"": 800, ""include_reg_in_val"": false, ""shuffle"": true}}"
e7ef44a2670b,1,0.6923470630248413,0.0,0.6923470630248413,0.0,0.52,0.0,90.0,0.0,"{""callbacks"": {""early_stopping"": true, ""min_delta"": 0.0, ""mode"": ""auto"", ""monitor"": ""val_loss"", ""patience"": 40, ""restore_best_weights"": true, ""verbose"": 0}, ""cv"": {""k"": 5, ""seed"": 42, ""shuffle"": true}, ""data"": {""train_path"": ""data/MONK/MONK1/monks-1.train""}, ""model"": {""activation"": ""relu"", ""dropout"": 0.1, ""hidden_units"": [8, 4]}, ""optim"": {""lr"": 0.3, ""momentum"": 0.0, ""name"": ""adam""}, ""regularizer"": {""l2"": ""1e-6""}, ""seed"": 42, ""split"": {""stratified"": true, ""val_size"": 0.2}, ""training"": {""batch_size"": 16, ""epochs"": 800, ""include_reg_in_val"": false, ""shuffle"": true}}"
31074cd278a3,1,0.6923471062089799,0.0,0.6923471062089799,0.0,0.52,0.0,67.0,0.0,"{""callbacks"": {""early_stopping"": true, ""min_delta"": 0.0, ""mode"": ""auto"", ""monitor"": ""val_loss"", ""patience"": 40, ""restore_best_weights"": true, ""verbose"": 0}, ""cv"": {""k"": 5, ""seed"": 42, ""shuffle"": true}, ""data"": {""train_path"": ""data/MONK/MONK1/monks-1.train""}, ""model"": {""activation"": ""relu"", ""dropout"": 0.1, ""hidden_units"": [8, 4]}, ""optim"": {""lr"": 0.3, ""momentum"": 0.0, ""name"": ""adam""}, ""regularizer"": {""l2"": 0.0}, ""seed"": 42, ""split"": {""stratified"": true, ""val_size"": 0.2}, ""training"": {""batch_size"": 16, ""epochs"": 800, ""include_reg_in_val"": false, ""shuffle"": true}}"
