config_id,seed,mode,objective,objective_mode,score_mean,score_std,val_loss_mean,val_loss_std,val_acc_mean,val_acc_std,best_epoch_mean,best_epoch_std,train_time_sec,config_json
a70ed008b293,42,kfold,val_loss,min,2.08758488658919,,2.08758488658919,0.4797011833421083,2.08758488658919,0.4797011833421083,470.0,276.66658634536986,6.885457277297974,"{""callbacks"": {""early_stopping"": true, ""min_delta"": ""1e-5"", ""mode"": ""min"", ""monitor"": ""val_loss"", ""patience"": 50, ""restore_best_weights"": true, ""verbose"": 0}, ""cv"": {""k"": 5, ""seed"": 42, ""shuffle"": true}, ""data"": {""inputs"": 12, ""normalize"": true, ""normalize_target"": true, ""targets"": 4, ""train_path"": ""data/CUP/internal_train_80.csv""}, ""model"": {""activation"": ""tanh"", ""dropout"": 0.0, ""hidden_units"": [8], ""output_activation"": ""linear""}, ""optim"": {""lr"": 0.01, ""momentum"": 0.5, ""name"": ""sgd""}, ""regularizer"": {""l2"": 0.0003}, ""seed"": 42, ""split"": {""stratified"": false, ""val_size"": 0.2}, ""training"": {""batch_size"": 64, ""epochs"": 800, ""include_reg_in_val"": false, ""loss"": ""mee"", ""metric"": ""mee"", ""shuffle"": true}}"
62e7e755f097,42,kfold,val_loss,min,2.0843254915631206,,2.0843254915631206,0.4808512013100242,2.0843254915631206,0.4808512013100242,490.4,290.7456620484646,7.53240442276001,"{""callbacks"": {""early_stopping"": true, ""min_delta"": ""1e-5"", ""mode"": ""min"", ""monitor"": ""val_loss"", ""patience"": 50, ""restore_best_weights"": true, ""verbose"": 0}, ""cv"": {""k"": 5, ""seed"": 42, ""shuffle"": true}, ""data"": {""inputs"": 12, ""normalize"": true, ""normalize_target"": true, ""targets"": 4, ""train_path"": ""data/CUP/internal_train_80.csv""}, ""model"": {""activation"": ""tanh"", ""dropout"": 0.0, ""hidden_units"": [8], ""output_activation"": ""linear""}, ""optim"": {""lr"": 0.01, ""momentum"": 0.5, ""name"": ""sgd""}, ""regularizer"": {""l2"": 1e-05}, ""seed"": 42, ""split"": {""stratified"": false, ""val_size"": 0.2}, ""training"": {""batch_size"": 64, ""epochs"": 800, ""include_reg_in_val"": false, ""loss"": ""mee"", ""metric"": ""mee"", ""shuffle"": true}}"
42ba1fb6f670,42,kfold,val_loss,min,1.815266260163827,,1.815266260163827,0.17975808622041956,1.815266260163827,0.17975808622041956,453.4,100.67889550447005,10.453935146331787,"{""callbacks"": {""early_stopping"": true, ""min_delta"": ""1e-5"", ""mode"": ""min"", ""monitor"": ""val_loss"", ""patience"": 50, ""restore_best_weights"": true, ""verbose"": 0}, ""cv"": {""k"": 5, ""seed"": 42, ""shuffle"": true}, ""data"": {""inputs"": 12, ""normalize"": true, ""normalize_target"": true, ""targets"": 4, ""train_path"": ""data/CUP/internal_train_80.csv""}, ""model"": {""activation"": ""tanh"", ""dropout"": 0.0, ""hidden_units"": [8], ""output_activation"": ""linear""}, ""optim"": {""lr"": 0.01, ""momentum"": 0.5, ""name"": ""sgd""}, ""regularizer"": {""l2"": 0.0003}, ""seed"": 42, ""split"": {""stratified"": false, ""val_size"": 0.2}, ""training"": {""batch_size"": 32, ""epochs"": 800, ""include_reg_in_val"": false, ""loss"": ""mee"", ""metric"": ""mee"", ""shuffle"": true}}"
fa9cadc7abfc,42,kfold,val_loss,min,1.815876498853933,,1.815876498853933,0.17967396958752888,1.815876498853933,0.17967396958752888,453.4,100.67889550447005,10.680130243301392,"{""callbacks"": {""early_stopping"": true, ""min_delta"": ""1e-5"", ""mode"": ""min"", ""monitor"": ""val_loss"", ""patience"": 50, ""restore_best_weights"": true, ""verbose"": 0}, ""cv"": {""k"": 5, ""seed"": 42, ""shuffle"": true}, ""data"": {""inputs"": 12, ""normalize"": true, ""normalize_target"": true, ""targets"": 4, ""train_path"": ""data/CUP/internal_train_80.csv""}, ""model"": {""activation"": ""tanh"", ""dropout"": 0.0, ""hidden_units"": [8], ""output_activation"": ""linear""}, ""optim"": {""lr"": 0.01, ""momentum"": 0.5, ""name"": ""sgd""}, ""regularizer"": {""l2"": 1e-05}, ""seed"": 42, ""split"": {""stratified"": false, ""val_size"": 0.2}, ""training"": {""batch_size"": 32, ""epochs"": 800, ""include_reg_in_val"": false, ""loss"": ""mee"", ""metric"": ""mee"", ""shuffle"": true}}"
ded733d976e2,42,kfold,val_loss,min,1.8149231970858068,,1.8149231970858068,0.17979254278945067,1.8149231970858068,0.17979254278945067,453.4,100.67889550447005,12.222756385803223,"{""callbacks"": {""early_stopping"": true, ""min_delta"": ""1e-5"", ""mode"": ""min"", ""monitor"": ""val_loss"", ""patience"": 50, ""restore_best_weights"": true, ""verbose"": 0}, ""cv"": {""k"": 5, ""seed"": 42, ""shuffle"": true}, ""data"": {""inputs"": 12, ""normalize"": true, ""normalize_target"": true, ""targets"": 4, ""train_path"": ""data/CUP/internal_train_80.csv""}, ""model"": {""activation"": ""tanh"", ""dropout"": 0.0, ""hidden_units"": [8], ""output_activation"": ""linear""}, ""optim"": {""lr"": 0.01, ""momentum"": 0.5, ""name"": ""sgd""}, ""regularizer"": {""l2"": 0.0005}, ""seed"": 42, ""split"": {""stratified"": false, ""val_size"": 0.2}, ""training"": {""batch_size"": 32, ""epochs"": 800, ""include_reg_in_val"": false, ""loss"": ""mee"", ""metric"": ""mee"", ""shuffle"": true}}"
c6e3b6f8721b,42,kfold,val_loss,min,2.0871176705467938,,2.0871176705467938,0.480125941988052,2.0871176705467938,0.480125941988052,470.0,276.66658634536986,7.139060974121094,"{""callbacks"": {""early_stopping"": true, ""min_delta"": ""1e-5"", ""mode"": ""min"", ""monitor"": ""val_loss"", ""patience"": 50, ""restore_best_weights"": true, ""verbose"": 0}, ""cv"": {""k"": 5, ""seed"": 42, ""shuffle"": true}, ""data"": {""inputs"": 12, ""normalize"": true, ""normalize_target"": true, ""targets"": 4, ""train_path"": ""data/CUP/internal_train_80.csv""}, ""model"": {""activation"": ""tanh"", ""dropout"": 0.0, ""hidden_units"": [8], ""output_activation"": ""linear""}, ""optim"": {""lr"": 0.01, ""momentum"": 0.5, ""name"": ""sgd""}, ""regularizer"": {""l2"": 0.0005}, ""seed"": 42, ""split"": {""stratified"": false, ""val_size"": 0.2}, ""training"": {""batch_size"": 64, ""epochs"": 800, ""include_reg_in_val"": false, ""loss"": ""mee"", ""metric"": ""mee"", ""shuffle"": true}}"
42bce6bbaf04,42,kfold,val_loss,min,1.8020822848261218,,1.8020822848261218,0.17633204434018832,1.8020822848261218,0.17633204434018832,280.6,29.547250295078225,15.279402256011963,"{""callbacks"": {""early_stopping"": true, ""min_delta"": ""1e-5"", ""mode"": ""min"", ""monitor"": ""val_loss"", ""patience"": 50, ""restore_best_weights"": true, ""verbose"": 0}, ""cv"": {""k"": 5, ""seed"": 42, ""shuffle"": true}, ""data"": {""inputs"": 12, ""normalize"": true, ""normalize_target"": true, ""targets"": 4, ""train_path"": ""data/CUP/internal_train_80.csv""}, ""model"": {""activation"": ""tanh"", ""dropout"": 0.0, ""hidden_units"": [8], ""output_activation"": ""linear""}, ""optim"": {""lr"": 0.01, ""momentum"": 0.5, ""name"": ""sgd""}, ""regularizer"": {""l2"": 1e-05}, ""seed"": 42, ""split"": {""stratified"": false, ""val_size"": 0.2}, ""training"": {""batch_size"": 16, ""epochs"": 800, ""include_reg_in_val"": false, ""loss"": ""mee"", ""metric"": ""mee"", ""shuffle"": true}}"
c5bb03d4d95e,42,kfold,val_loss,min,1.8001869397359602,,1.8001869397359602,0.17735806879998073,1.8001869397359602,0.17735806879998073,291.6,21.019990485249988,15.317997694015503,"{""callbacks"": {""early_stopping"": true, ""min_delta"": ""1e-5"", ""mode"": ""min"", ""monitor"": ""val_loss"", ""patience"": 50, ""restore_best_weights"": true, ""verbose"": 0}, ""cv"": {""k"": 5, ""seed"": 42, ""shuffle"": true}, ""data"": {""inputs"": 12, ""normalize"": true, ""normalize_target"": true, ""targets"": 4, ""train_path"": ""data/CUP/internal_train_80.csv""}, ""model"": {""activation"": ""tanh"", ""dropout"": 0.0, ""hidden_units"": [8], ""output_activation"": ""linear""}, ""optim"": {""lr"": 0.01, ""momentum"": 0.5, ""name"": ""sgd""}, ""regularizer"": {""l2"": 0.0003}, ""seed"": 42, ""split"": {""stratified"": false, ""val_size"": 0.2}, ""training"": {""batch_size"": 16, ""epochs"": 800, ""include_reg_in_val"": false, ""loss"": ""mee"", ""metric"": ""mee"", ""shuffle"": true}}"
2281934a3cf6,42,kfold,val_loss,min,1.7996133824024696,,1.7996133824024696,0.17767669651810392,1.7996133824024696,0.17767669651810392,291.6,21.019990485249988,15.414193153381348,"{""callbacks"": {""early_stopping"": true, ""min_delta"": ""1e-5"", ""mode"": ""min"", ""monitor"": ""val_loss"", ""patience"": 50, ""restore_best_weights"": true, ""verbose"": 0}, ""cv"": {""k"": 5, ""seed"": 42, ""shuffle"": true}, ""data"": {""inputs"": 12, ""normalize"": true, ""normalize_target"": true, ""targets"": 4, ""train_path"": ""data/CUP/internal_train_80.csv""}, ""model"": {""activation"": ""tanh"", ""dropout"": 0.0, ""hidden_units"": [8], ""output_activation"": ""linear""}, ""optim"": {""lr"": 0.01, ""momentum"": 0.5, ""name"": ""sgd""}, ""regularizer"": {""l2"": 0.0005}, ""seed"": 42, ""split"": {""stratified"": false, ""val_size"": 0.2}, ""training"": {""batch_size"": 16, ""epochs"": 800, ""include_reg_in_val"": false, ""loss"": ""mee"", ""metric"": ""mee"", ""shuffle"": true}}"
d5bf7a4a40d6,42,kfold,val_loss,min,2.0865092275985617,,2.0865092275985617,0.480696791797365,2.0865092275985617,0.480696791797365,470.0,276.66658634536986,8.253973245620728,"{""callbacks"": {""early_stopping"": true, ""min_delta"": ""1e-5"", ""mode"": ""min"", ""monitor"": ""val_loss"", ""patience"": 50, ""restore_best_weights"": true, ""verbose"": 0}, ""cv"": {""k"": 5, ""seed"": 42, ""shuffle"": true}, ""data"": {""inputs"": 12, ""normalize"": true, ""normalize_target"": true, ""targets"": 4, ""train_path"": ""data/CUP/internal_train_80.csv""}, ""model"": {""activation"": ""tanh"", ""dropout"": 0.0, ""hidden_units"": [8], ""output_activation"": ""linear""}, ""optim"": {""lr"": 0.01, ""momentum"": 0.5, ""name"": ""sgd""}, ""regularizer"": {""l2"": 0.0008}, ""seed"": 42, ""split"": {""stratified"": false, ""val_size"": 0.2}, ""training"": {""batch_size"": 64, ""epochs"": 800, ""include_reg_in_val"": false, ""loss"": ""mee"", ""metric"": ""mee"", ""shuffle"": true}}"
e435b8356d93,42,kfold,val_loss,min,1.7990066453257356,,1.7990066453257356,0.17807280959168906,1.7990066453257356,0.17807280959168906,291.6,21.019990485249988,13.685496091842651,"{""callbacks"": {""early_stopping"": true, ""min_delta"": ""1e-5"", ""mode"": ""min"", ""monitor"": ""val_loss"", ""patience"": 50, ""restore_best_weights"": true, ""verbose"": 0}, ""cv"": {""k"": 5, ""seed"": 42, ""shuffle"": true}, ""data"": {""inputs"": 12, ""normalize"": true, ""normalize_target"": true, ""targets"": 4, ""train_path"": ""data/CUP/internal_train_80.csv""}, ""model"": {""activation"": ""tanh"", ""dropout"": 0.0, ""hidden_units"": [8], ""output_activation"": ""linear""}, ""optim"": {""lr"": 0.01, ""momentum"": 0.5, ""name"": ""sgd""}, ""regularizer"": {""l2"": 0.0008}, ""seed"": 42, ""split"": {""stratified"": false, ""val_size"": 0.2}, ""training"": {""batch_size"": 16, ""epochs"": 800, ""include_reg_in_val"": false, ""loss"": ""mee"", ""metric"": ""mee"", ""shuffle"": true}}"
1f1e94817a45,42,kfold,val_loss,min,2.0861619950389807,,2.0861619950389807,0.4810348399339155,2.0861619950389807,0.4810348399339155,470.0,276.66658634536986,7.289969444274902,"{""callbacks"": {""early_stopping"": true, ""min_delta"": ""1e-5"", ""mode"": ""min"", ""monitor"": ""val_loss"", ""patience"": 50, ""restore_best_weights"": true, ""verbose"": 0}, ""cv"": {""k"": 5, ""seed"": 42, ""shuffle"": true}, ""data"": {""inputs"": 12, ""normalize"": true, ""normalize_target"": true, ""targets"": 4, ""train_path"": ""data/CUP/internal_train_80.csv""}, ""model"": {""activation"": ""tanh"", ""dropout"": 0.0, ""hidden_units"": [8], ""output_activation"": ""linear""}, ""optim"": {""lr"": 0.01, ""momentum"": 0.5, ""name"": ""sgd""}, ""regularizer"": {""l2"": 0.001}, ""seed"": 42, ""split"": {""stratified"": false, ""val_size"": 0.2}, ""training"": {""batch_size"": 64, ""epochs"": 800, ""include_reg_in_val"": false, ""loss"": ""mee"", ""metric"": ""mee"", ""shuffle"": true}}"
67d8ad7d23af,42,kfold,val_loss,min,1.816930820948007,,1.816930820948007,0.18391687191672954,1.816930820948007,0.18391687191672954,505.0,141.60225986897242,14.38671088218689,"{""callbacks"": {""early_stopping"": true, ""min_delta"": ""1e-5"", ""mode"": ""min"", ""monitor"": ""val_loss"", ""patience"": 50, ""restore_best_weights"": true, ""verbose"": 0}, ""cv"": {""k"": 5, ""seed"": 42, ""shuffle"": true}, ""data"": {""inputs"": 12, ""normalize"": true, ""normalize_target"": true, ""targets"": 4, ""train_path"": ""data/CUP/internal_train_80.csv""}, ""model"": {""activation"": ""tanh"", ""dropout"": 0.0, ""hidden_units"": [8], ""output_activation"": ""linear""}, ""optim"": {""lr"": 0.01, ""momentum"": 0.5, ""name"": ""sgd""}, ""regularizer"": {""l2"": 0.0008}, ""seed"": 42, ""split"": {""stratified"": false, ""val_size"": 0.2}, ""training"": {""batch_size"": 32, ""epochs"": 800, ""include_reg_in_val"": false, ""loss"": ""mee"", ""metric"": ""mee"", ""shuffle"": true}}"
02af1cebf87f,42,kfold,val_loss,min,1.8036842339295287,,1.8036842339295287,0.17999543496742496,1.8036842339295287,0.17999543496742496,405.2,87.0066664112584,10.117003440856934,"{""callbacks"": {""early_stopping"": true, ""min_delta"": ""1e-5"", ""mode"": ""min"", ""monitor"": ""val_loss"", ""patience"": 50, ""restore_best_weights"": true, ""verbose"": 0}, ""cv"": {""k"": 5, ""seed"": 42, ""shuffle"": true}, ""data"": {""inputs"": 12, ""normalize"": true, ""normalize_target"": true, ""targets"": 4, ""train_path"": ""data/CUP/internal_train_80.csv""}, ""model"": {""activation"": ""tanh"", ""dropout"": 0.0, ""hidden_units"": [8], ""output_activation"": ""linear""}, ""optim"": {""lr"": 0.01, ""momentum"": 0.6, ""name"": ""sgd""}, ""regularizer"": {""l2"": 1e-05}, ""seed"": 42, ""split"": {""stratified"": false, ""val_size"": 0.2}, ""training"": {""batch_size"": 32, ""epochs"": 800, ""include_reg_in_val"": false, ""loss"": ""mee"", ""metric"": ""mee"", ""shuffle"": true}}"
09f085e565f7,42,kfold,val_loss,min,1.7982840651431982,,1.7982840651431982,0.17193413319341957,1.7982840651431982,0.17193413319341957,232.2,28.6174771774173,11.050618886947632,"{""callbacks"": {""early_stopping"": true, ""min_delta"": ""1e-5"", ""mode"": ""min"", ""monitor"": ""val_loss"", ""patience"": 50, ""restore_best_weights"": true, ""verbose"": 0}, ""cv"": {""k"": 5, ""seed"": 42, ""shuffle"": true}, ""data"": {""inputs"": 12, ""normalize"": true, ""normalize_target"": true, ""targets"": 4, ""train_path"": ""data/CUP/internal_train_80.csv""}, ""model"": {""activation"": ""tanh"", ""dropout"": 0.0, ""hidden_units"": [8], ""output_activation"": ""linear""}, ""optim"": {""lr"": 0.01, ""momentum"": 0.6, ""name"": ""sgd""}, ""regularizer"": {""l2"": 1e-05}, ""seed"": 42, ""split"": {""stratified"": false, ""val_size"": 0.2}, ""training"": {""batch_size"": 16, ""epochs"": 800, ""include_reg_in_val"": false, ""loss"": ""mee"", ""metric"": ""mee"", ""shuffle"": true}}"
f3a450ddc4c2,42,kfold,val_loss,min,1.8164320571961476,,1.8164320571961476,0.1840301635227206,1.8164320571961476,0.1840301635227206,505.0,141.60225986897242,13.164358139038086,"{""callbacks"": {""early_stopping"": true, ""min_delta"": ""1e-5"", ""mode"": ""min"", ""monitor"": ""val_loss"", ""patience"": 50, ""restore_best_weights"": true, ""verbose"": 0}, ""cv"": {""k"": 5, ""seed"": 42, ""shuffle"": true}, ""data"": {""inputs"": 12, ""normalize"": true, ""normalize_target"": true, ""targets"": 4, ""train_path"": ""data/CUP/internal_train_80.csv""}, ""model"": {""activation"": ""tanh"", ""dropout"": 0.0, ""hidden_units"": [8], ""output_activation"": ""linear""}, ""optim"": {""lr"": 0.01, ""momentum"": 0.5, ""name"": ""sgd""}, ""regularizer"": {""l2"": 0.001}, ""seed"": 42, ""split"": {""stratified"": false, ""val_size"": 0.2}, ""training"": {""batch_size"": 32, ""epochs"": 800, ""include_reg_in_val"": false, ""loss"": ""mee"", ""metric"": ""mee"", ""shuffle"": true}}"
1cb0a8b63b7e,42,kfold,val_loss,min,1.7987785264348457,,1.7987785264348457,0.1782885601251447,1.7987785264348457,0.1782885601251447,291.6,21.019990485249988,15.446964502334595,"{""callbacks"": {""early_stopping"": true, ""min_delta"": ""1e-5"", ""mode"": ""min"", ""monitor"": ""val_loss"", ""patience"": 50, ""restore_best_weights"": true, ""verbose"": 0}, ""cv"": {""k"": 5, ""seed"": 42, ""shuffle"": true}, ""data"": {""inputs"": 12, ""normalize"": true, ""normalize_target"": true, ""targets"": 4, ""train_path"": ""data/CUP/internal_train_80.csv""}, ""model"": {""activation"": ""tanh"", ""dropout"": 0.0, ""hidden_units"": [8], ""output_activation"": ""linear""}, ""optim"": {""lr"": 0.01, ""momentum"": 0.5, ""name"": ""sgd""}, ""regularizer"": {""l2"": 0.001}, ""seed"": 42, ""split"": {""stratified"": false, ""val_size"": 0.2}, ""training"": {""batch_size"": 16, ""epochs"": 800, ""include_reg_in_val"": false, ""loss"": ""mee"", ""metric"": ""mee"", ""shuffle"": true}}"
b2810ee8af1e,42,kfold,val_loss,min,1.8376543296360304,,1.8376543296360304,0.18455576667538579,1.8376543296360304,0.18455576667538579,623.2,101.45028339043711,9.832371711730957,"{""callbacks"": {""early_stopping"": true, ""min_delta"": ""1e-5"", ""mode"": ""min"", ""monitor"": ""val_loss"", ""patience"": 50, ""restore_best_weights"": true, ""verbose"": 0}, ""cv"": {""k"": 5, ""seed"": 42, ""shuffle"": true}, ""data"": {""inputs"": 12, ""normalize"": true, ""normalize_target"": true, ""targets"": 4, ""train_path"": ""data/CUP/internal_train_80.csv""}, ""model"": {""activation"": ""tanh"", ""dropout"": 0.0, ""hidden_units"": [8], ""output_activation"": ""linear""}, ""optim"": {""lr"": 0.01, ""momentum"": 0.6, ""name"": ""sgd""}, ""regularizer"": {""l2"": 1e-05}, ""seed"": 42, ""split"": {""stratified"": false, ""val_size"": 0.2}, ""training"": {""batch_size"": 64, ""epochs"": 800, ""include_reg_in_val"": false, ""loss"": ""mee"", ""metric"": ""mee"", ""shuffle"": true}}"
cb12ef29d266,42,kfold,val_loss,min,1.802703317137271,,1.802703317137271,0.18030210147642178,1.802703317137271,0.18030210147642178,405.2,87.0066664112584,9.861310720443726,"{""callbacks"": {""early_stopping"": true, ""min_delta"": ""1e-5"", ""mode"": ""min"", ""monitor"": ""val_loss"", ""patience"": 50, ""restore_best_weights"": true, ""verbose"": 0}, ""cv"": {""k"": 5, ""seed"": 42, ""shuffle"": true}, ""data"": {""inputs"": 12, ""normalize"": true, ""normalize_target"": true, ""targets"": 4, ""train_path"": ""data/CUP/internal_train_80.csv""}, ""model"": {""activation"": ""tanh"", ""dropout"": 0.0, ""hidden_units"": [8], ""output_activation"": ""linear""}, ""optim"": {""lr"": 0.01, ""momentum"": 0.6, ""name"": ""sgd""}, ""regularizer"": {""l2"": 0.0003}, ""seed"": 42, ""split"": {""stratified"": false, ""val_size"": 0.2}, ""training"": {""batch_size"": 32, ""epochs"": 800, ""include_reg_in_val"": false, ""loss"": ""mee"", ""metric"": ""mee"", ""shuffle"": true}}"
8281338b470e,42,kfold,val_loss,min,1.7972558676750168,,1.7972558676750168,0.17244117903103345,1.7972558676750168,0.17244117903103345,232.2,28.6174771774173,11.753156661987305,"{""callbacks"": {""early_stopping"": true, ""min_delta"": ""1e-5"", ""mode"": ""min"", ""monitor"": ""val_loss"", ""patience"": 50, ""restore_best_weights"": true, ""verbose"": 0}, ""cv"": {""k"": 5, ""seed"": 42, ""shuffle"": true}, ""data"": {""inputs"": 12, ""normalize"": true, ""normalize_target"": true, ""targets"": 4, ""train_path"": ""data/CUP/internal_train_80.csv""}, ""model"": {""activation"": ""tanh"", ""dropout"": 0.0, ""hidden_units"": [8], ""output_activation"": ""linear""}, ""optim"": {""lr"": 0.01, ""momentum"": 0.6, ""name"": ""sgd""}, ""regularizer"": {""l2"": 0.0003}, ""seed"": 42, ""split"": {""stratified"": false, ""val_size"": 0.2}, ""training"": {""batch_size"": 16, ""epochs"": 800, ""include_reg_in_val"": false, ""loss"": ""mee"", ""metric"": ""mee"", ""shuffle"": true}}"
e019d83f99cd,42,kfold,val_loss,min,1.83731190824616,,1.83731190824616,0.18476789581019923,1.83731190824616,0.18476789581019923,623.2,101.45028339043711,9.811668395996094,"{""callbacks"": {""early_stopping"": true, ""min_delta"": ""1e-5"", ""mode"": ""min"", ""monitor"": ""val_loss"", ""patience"": 50, ""restore_best_weights"": true, ""verbose"": 0}, ""cv"": {""k"": 5, ""seed"": 42, ""shuffle"": true}, ""data"": {""inputs"": 12, ""normalize"": true, ""normalize_target"": true, ""targets"": 4, ""train_path"": ""data/CUP/internal_train_80.csv""}, ""model"": {""activation"": ""tanh"", ""dropout"": 0.0, ""hidden_units"": [8], ""output_activation"": ""linear""}, ""optim"": {""lr"": 0.01, ""momentum"": 0.6, ""name"": ""sgd""}, ""regularizer"": {""l2"": 0.0003}, ""seed"": 42, ""split"": {""stratified"": false, ""val_size"": 0.2}, ""training"": {""batch_size"": 64, ""epochs"": 800, ""include_reg_in_val"": false, ""loss"": ""mee"", ""metric"": ""mee"", ""shuffle"": true}}"
5286189792ca,42,kfold,val_loss,min,1.802104649931436,,1.802104649931436,0.18048127787479598,1.802104649931436,0.18048127787479598,405.2,87.0066664112584,9.774147272109985,"{""callbacks"": {""early_stopping"": true, ""min_delta"": ""1e-5"", ""mode"": ""min"", ""monitor"": ""val_loss"", ""patience"": 50, ""restore_best_weights"": true, ""verbose"": 0}, ""cv"": {""k"": 5, ""seed"": 42, ""shuffle"": true}, ""data"": {""inputs"": 12, ""normalize"": true, ""normalize_target"": true, ""targets"": 4, ""train_path"": ""data/CUP/internal_train_80.csv""}, ""model"": {""activation"": ""tanh"", ""dropout"": 0.0, ""hidden_units"": [8], ""output_activation"": ""linear""}, ""optim"": {""lr"": 0.01, ""momentum"": 0.6, ""name"": ""sgd""}, ""regularizer"": {""l2"": 0.0005}, ""seed"": 42, ""split"": {""stratified"": false, ""val_size"": 0.2}, ""training"": {""batch_size"": 32, ""epochs"": 800, ""include_reg_in_val"": false, ""loss"": ""mee"", ""metric"": ""mee"", ""shuffle"": true}}"
5f715949bb78,42,kfold,val_loss,min,1.7994195735162584,,1.7994195735162584,0.1772768555917073,1.7994195735162584,0.1772768555917073,220.2,32.24530973645625,10.766634941101074,"{""callbacks"": {""early_stopping"": true, ""min_delta"": ""1e-5"", ""mode"": ""min"", ""monitor"": ""val_loss"", ""patience"": 50, ""restore_best_weights"": true, ""verbose"": 0}, ""cv"": {""k"": 5, ""seed"": 42, ""shuffle"": true}, ""data"": {""inputs"": 12, ""normalize"": true, ""normalize_target"": true, ""targets"": 4, ""train_path"": ""data/CUP/internal_train_80.csv""}, ""model"": {""activation"": ""tanh"", ""dropout"": 0.0, ""hidden_units"": [8], ""output_activation"": ""linear""}, ""optim"": {""lr"": 0.01, ""momentum"": 0.6, ""name"": ""sgd""}, ""regularizer"": {""l2"": 0.0005}, ""seed"": 42, ""split"": {""stratified"": false, ""val_size"": 0.2}, ""training"": {""batch_size"": 16, ""epochs"": 800, ""include_reg_in_val"": false, ""loss"": ""mee"", ""metric"": ""mee"", ""shuffle"": true}}"
a256d98ee901,42,kfold,val_loss,min,1.8371112719108613,,1.8371112719108613,0.1848828637493259,1.8371112719108613,0.1848828637493259,623.2,101.45028339043711,9.863754272460938,"{""callbacks"": {""early_stopping"": true, ""min_delta"": ""1e-5"", ""mode"": ""min"", ""monitor"": ""val_loss"", ""patience"": 50, ""restore_best_weights"": true, ""verbose"": 0}, ""cv"": {""k"": 5, ""seed"": 42, ""shuffle"": true}, ""data"": {""inputs"": 12, ""normalize"": true, ""normalize_target"": true, ""targets"": 4, ""train_path"": ""data/CUP/internal_train_80.csv""}, ""model"": {""activation"": ""tanh"", ""dropout"": 0.0, ""hidden_units"": [8], ""output_activation"": ""linear""}, ""optim"": {""lr"": 0.01, ""momentum"": 0.6, ""name"": ""sgd""}, ""regularizer"": {""l2"": 0.0005}, ""seed"": 42, ""split"": {""stratified"": false, ""val_size"": 0.2}, ""training"": {""batch_size"": 64, ""epochs"": 800, ""include_reg_in_val"": false, ""loss"": ""mee"", ""metric"": ""mee"", ""shuffle"": true}}"
61810395b6c7,42,kfold,val_loss,min,1.8013286439746463,,1.8013286439746463,0.18070560907325375,1.8013286439746463,0.18070560907325375,405.2,87.0066664112584,9.817060708999634,"{""callbacks"": {""early_stopping"": true, ""min_delta"": ""1e-5"", ""mode"": ""min"", ""monitor"": ""val_loss"", ""patience"": 50, ""restore_best_weights"": true, ""verbose"": 0}, ""cv"": {""k"": 5, ""seed"": 42, ""shuffle"": true}, ""data"": {""inputs"": 12, ""normalize"": true, ""normalize_target"": true, ""targets"": 4, ""train_path"": ""data/CUP/internal_train_80.csv""}, ""model"": {""activation"": ""tanh"", ""dropout"": 0.0, ""hidden_units"": [8], ""output_activation"": ""linear""}, ""optim"": {""lr"": 0.01, ""momentum"": 0.6, ""name"": ""sgd""}, ""regularizer"": {""l2"": 0.0008}, ""seed"": 42, ""split"": {""stratified"": false, ""val_size"": 0.2}, ""training"": {""batch_size"": 32, ""epochs"": 800, ""include_reg_in_val"": false, ""loss"": ""mee"", ""metric"": ""mee"", ""shuffle"": true}}"
f88e4076f279,42,kfold,val_loss,min,1.798805810773874,,1.798805810773874,0.17771315975538202,1.798805810773874,0.17771315975538202,220.2,32.24530973645625,11.494730234146118,"{""callbacks"": {""early_stopping"": true, ""min_delta"": ""1e-5"", ""mode"": ""min"", ""monitor"": ""val_loss"", ""patience"": 50, ""restore_best_weights"": true, ""verbose"": 0}, ""cv"": {""k"": 5, ""seed"": 42, ""shuffle"": true}, ""data"": {""inputs"": 12, ""normalize"": true, ""normalize_target"": true, ""targets"": 4, ""train_path"": ""data/CUP/internal_train_80.csv""}, ""model"": {""activation"": ""tanh"", ""dropout"": 0.0, ""hidden_units"": [8], ""output_activation"": ""linear""}, ""optim"": {""lr"": 0.01, ""momentum"": 0.6, ""name"": ""sgd""}, ""regularizer"": {""l2"": 0.0008}, ""seed"": 42, ""split"": {""stratified"": false, ""val_size"": 0.2}, ""training"": {""batch_size"": 16, ""epochs"": 800, ""include_reg_in_val"": false, ""loss"": ""mee"", ""metric"": ""mee"", ""shuffle"": true}}"
688890f7a767,42,kfold,val_loss,min,1.8368652190063242,,1.8368652190063242,0.18500843599961309,1.8368652190063242,0.18500843599961309,623.2,101.45028339043711,10.014593362808228,"{""callbacks"": {""early_stopping"": true, ""min_delta"": ""1e-5"", ""mode"": ""min"", ""monitor"": ""val_loss"", ""patience"": 50, ""restore_best_weights"": true, ""verbose"": 0}, ""cv"": {""k"": 5, ""seed"": 42, ""shuffle"": true}, ""data"": {""inputs"": 12, ""normalize"": true, ""normalize_target"": true, ""targets"": 4, ""train_path"": ""data/CUP/internal_train_80.csv""}, ""model"": {""activation"": ""tanh"", ""dropout"": 0.0, ""hidden_units"": [8], ""output_activation"": ""linear""}, ""optim"": {""lr"": 0.01, ""momentum"": 0.6, ""name"": ""sgd""}, ""regularizer"": {""l2"": 0.0008}, ""seed"": 42, ""split"": {""stratified"": false, ""val_size"": 0.2}, ""training"": {""batch_size"": 64, ""epochs"": 800, ""include_reg_in_val"": false, ""loss"": ""mee"", ""metric"": ""mee"", ""shuffle"": true}}"
e7864748dc10,42,kfold,val_loss,min,1.7971679916912966,,1.7971679916912966,0.18099382471804298,1.7971679916912966,0.18099382471804298,316.4,56.09848482802365,8.32362174987793,"{""callbacks"": {""early_stopping"": true, ""min_delta"": ""1e-5"", ""mode"": ""min"", ""monitor"": ""val_loss"", ""patience"": 50, ""restore_best_weights"": true, ""verbose"": 0}, ""cv"": {""k"": 5, ""seed"": 42, ""shuffle"": true}, ""data"": {""inputs"": 12, ""normalize"": true, ""normalize_target"": true, ""targets"": 4, ""train_path"": ""data/CUP/internal_train_80.csv""}, ""model"": {""activation"": ""tanh"", ""dropout"": 0.0, ""hidden_units"": [8], ""output_activation"": ""linear""}, ""optim"": {""lr"": 0.01, ""momentum"": 0.7, ""name"": ""sgd""}, ""regularizer"": {""l2"": 1e-05}, ""seed"": 42, ""split"": {""stratified"": false, ""val_size"": 0.2}, ""training"": {""batch_size"": 32, ""epochs"": 800, ""include_reg_in_val"": false, ""loss"": ""mee"", ""metric"": ""mee"", ""shuffle"": true}}"
f0e797fc02d9,42,kfold,val_loss,min,1.7984511013808722,,1.7984511013808722,0.17794339734043568,1.7984511013808722,0.17794339734043568,229.4,27.368595141146724,12.736162662506104,"{""callbacks"": {""early_stopping"": true, ""min_delta"": ""1e-5"", ""mode"": ""min"", ""monitor"": ""val_loss"", ""patience"": 50, ""restore_best_weights"": true, ""verbose"": 0}, ""cv"": {""k"": 5, ""seed"": 42, ""shuffle"": true}, ""data"": {""inputs"": 12, ""normalize"": true, ""normalize_target"": true, ""targets"": 4, ""train_path"": ""data/CUP/internal_train_80.csv""}, ""model"": {""activation"": ""tanh"", ""dropout"": 0.0, ""hidden_units"": [8], ""output_activation"": ""linear""}, ""optim"": {""lr"": 0.01, ""momentum"": 0.6, ""name"": ""sgd""}, ""regularizer"": {""l2"": 0.001}, ""seed"": 42, ""split"": {""stratified"": false, ""val_size"": 0.2}, ""training"": {""batch_size"": 16, ""epochs"": 800, ""include_reg_in_val"": false, ""loss"": ""mee"", ""metric"": ""mee"", ""shuffle"": true}}"
5c6549e3e747,42,kfold,val_loss,min,1.8008935350870587,,1.8008935350870587,0.1808283077347318,1.8008935350870587,0.1808283077347318,405.2,87.0066664112584,11.136947393417358,"{""callbacks"": {""early_stopping"": true, ""min_delta"": ""1e-5"", ""mode"": ""min"", ""monitor"": ""val_loss"", ""patience"": 50, ""restore_best_weights"": true, ""verbose"": 0}, ""cv"": {""k"": 5, ""seed"": 42, ""shuffle"": true}, ""data"": {""inputs"": 12, ""normalize"": true, ""normalize_target"": true, ""targets"": 4, ""train_path"": ""data/CUP/internal_train_80.csv""}, ""model"": {""activation"": ""tanh"", ""dropout"": 0.0, ""hidden_units"": [8], ""output_activation"": ""linear""}, ""optim"": {""lr"": 0.01, ""momentum"": 0.6, ""name"": ""sgd""}, ""regularizer"": {""l2"": 0.001}, ""seed"": 42, ""split"": {""stratified"": false, ""val_size"": 0.2}, ""training"": {""batch_size"": 32, ""epochs"": 800, ""include_reg_in_val"": false, ""loss"": ""mee"", ""metric"": ""mee"", ""shuffle"": true}}"
73807ab07c23,42,kfold,val_loss,min,1.8330675549315494,,1.8330675549315494,0.19045542196058698,1.8330675549315494,0.19045542196058698,653.6,101.02989656532367,10.12255859375,"{""callbacks"": {""early_stopping"": true, ""min_delta"": ""1e-5"", ""mode"": ""min"", ""monitor"": ""val_loss"", ""patience"": 50, ""restore_best_weights"": true, ""verbose"": 0}, ""cv"": {""k"": 5, ""seed"": 42, ""shuffle"": true}, ""data"": {""inputs"": 12, ""normalize"": true, ""normalize_target"": true, ""targets"": 4, ""train_path"": ""data/CUP/internal_train_80.csv""}, ""model"": {""activation"": ""tanh"", ""dropout"": 0.0, ""hidden_units"": [8], ""output_activation"": ""linear""}, ""optim"": {""lr"": 0.01, ""momentum"": 0.6, ""name"": ""sgd""}, ""regularizer"": {""l2"": 0.001}, ""seed"": 42, ""split"": {""stratified"": false, ""val_size"": 0.2}, ""training"": {""batch_size"": 64, ""epochs"": 800, ""include_reg_in_val"": false, ""loss"": ""mee"", ""metric"": ""mee"", ""shuffle"": true}}"
1cab50dcf18b,42,kfold,val_loss,min,1.8191693983347677,,1.8191693983347677,0.189919892672847,1.8191693983347677,0.189919892672847,506.4,92.07735878053845,8.263322114944458,"{""callbacks"": {""early_stopping"": true, ""min_delta"": ""1e-5"", ""mode"": ""min"", ""monitor"": ""val_loss"", ""patience"": 50, ""restore_best_weights"": true, ""verbose"": 0}, ""cv"": {""k"": 5, ""seed"": 42, ""shuffle"": true}, ""data"": {""inputs"": 12, ""normalize"": true, ""normalize_target"": true, ""targets"": 4, ""train_path"": ""data/CUP/internal_train_80.csv""}, ""model"": {""activation"": ""tanh"", ""dropout"": 0.0, ""hidden_units"": [8], ""output_activation"": ""linear""}, ""optim"": {""lr"": 0.01, ""momentum"": 0.7, ""name"": ""sgd""}, ""regularizer"": {""l2"": 1e-05}, ""seed"": 42, ""split"": {""stratified"": false, ""val_size"": 0.2}, ""training"": {""batch_size"": 64, ""epochs"": 800, ""include_reg_in_val"": false, ""loss"": ""mee"", ""metric"": ""mee"", ""shuffle"": true}}"
b974fa161a80,42,kfold,val_loss,min,1.7948074053318614,,1.7948074053318614,0.16478836228896368,1.7948074053318614,0.16478836228896368,193.2,38.514412886606486,11.284669637680054,"{""callbacks"": {""early_stopping"": true, ""min_delta"": ""1e-5"", ""mode"": ""min"", ""monitor"": ""val_loss"", ""patience"": 50, ""restore_best_weights"": true, ""verbose"": 0}, ""cv"": {""k"": 5, ""seed"": 42, ""shuffle"": true}, ""data"": {""inputs"": 12, ""normalize"": true, ""normalize_target"": true, ""targets"": 4, ""train_path"": ""data/CUP/internal_train_80.csv""}, ""model"": {""activation"": ""tanh"", ""dropout"": 0.0, ""hidden_units"": [8], ""output_activation"": ""linear""}, ""optim"": {""lr"": 0.01, ""momentum"": 0.7, ""name"": ""sgd""}, ""regularizer"": {""l2"": 1e-05}, ""seed"": 42, ""split"": {""stratified"": false, ""val_size"": 0.2}, ""training"": {""batch_size"": 16, ""epochs"": 800, ""include_reg_in_val"": false, ""loss"": ""mee"", ""metric"": ""mee"", ""shuffle"": true}}"
a3f6582fadf6,42,kfold,val_loss,min,1.7880503282959048,,1.7880503282959048,0.16375042873116494,1.7880503282959048,0.16375042873116494,205.6,46.45686171062354,9.825932264328003,"{""callbacks"": {""early_stopping"": true, ""min_delta"": ""1e-5"", ""mode"": ""min"", ""monitor"": ""val_loss"", ""patience"": 50, ""restore_best_weights"": true, ""verbose"": 0}, ""cv"": {""k"": 5, ""seed"": 42, ""shuffle"": true}, ""data"": {""inputs"": 12, ""normalize"": true, ""normalize_target"": true, ""targets"": 4, ""train_path"": ""data/CUP/internal_train_80.csv""}, ""model"": {""activation"": ""tanh"", ""dropout"": 0.0, ""hidden_units"": [8], ""output_activation"": ""linear""}, ""optim"": {""lr"": 0.01, ""momentum"": 0.7, ""name"": ""sgd""}, ""regularizer"": {""l2"": 0.0003}, ""seed"": 42, ""split"": {""stratified"": false, ""val_size"": 0.2}, ""training"": {""batch_size"": 16, ""epochs"": 800, ""include_reg_in_val"": false, ""loss"": ""mee"", ""metric"": ""mee"", ""shuffle"": true}}"
7c4184ac0d4a,42,kfold,val_loss,min,1.7960257670828235,,1.7960257670828235,0.1815361929868363,1.7960257670828235,0.1815361929868363,316.4,56.09848482802365,8.138645648956299,"{""callbacks"": {""early_stopping"": true, ""min_delta"": ""1e-5"", ""mode"": ""min"", ""monitor"": ""val_loss"", ""patience"": 50, ""restore_best_weights"": true, ""verbose"": 0}, ""cv"": {""k"": 5, ""seed"": 42, ""shuffle"": true}, ""data"": {""inputs"": 12, ""normalize"": true, ""normalize_target"": true, ""targets"": 4, ""train_path"": ""data/CUP/internal_train_80.csv""}, ""model"": {""activation"": ""tanh"", ""dropout"": 0.0, ""hidden_units"": [8], ""output_activation"": ""linear""}, ""optim"": {""lr"": 0.01, ""momentum"": 0.7, ""name"": ""sgd""}, ""regularizer"": {""l2"": 0.0003}, ""seed"": 42, ""split"": {""stratified"": false, ""val_size"": 0.2}, ""training"": {""batch_size"": 32, ""epochs"": 800, ""include_reg_in_val"": false, ""loss"": ""mee"", ""metric"": ""mee"", ""shuffle"": true}}"
ecb60435a101,42,kfold,val_loss,min,1.8305210933504223,,1.8305210933504223,0.1932902099395387,1.8305210933504223,0.1932902099395387,537.2,141.45585883942735,8.127520084381104,"{""callbacks"": {""early_stopping"": true, ""min_delta"": ""1e-5"", ""mode"": ""min"", ""monitor"": ""val_loss"", ""patience"": 50, ""restore_best_weights"": true, ""verbose"": 0}, ""cv"": {""k"": 5, ""seed"": 42, ""shuffle"": true}, ""data"": {""inputs"": 12, ""normalize"": true, ""normalize_target"": true, ""targets"": 4, ""train_path"": ""data/CUP/internal_train_80.csv""}, ""model"": {""activation"": ""tanh"", ""dropout"": 0.0, ""hidden_units"": [8], ""output_activation"": ""linear""}, ""optim"": {""lr"": 0.01, ""momentum"": 0.7, ""name"": ""sgd""}, ""regularizer"": {""l2"": 0.0003}, ""seed"": 42, ""split"": {""stratified"": false, ""val_size"": 0.2}, ""training"": {""batch_size"": 64, ""epochs"": 800, ""include_reg_in_val"": false, ""loss"": ""mee"", ""metric"": ""mee"", ""shuffle"": true}}"
18186ab7c860,42,kfold,val_loss,min,1.8298720805284252,,1.8298720805284252,0.19347690160588324,1.8298720805284252,0.19347690160588324,537.2,141.45585883942735,8.42196774482727,"{""callbacks"": {""early_stopping"": true, ""min_delta"": ""1e-5"", ""mode"": ""min"", ""monitor"": ""val_loss"", ""patience"": 50, ""restore_best_weights"": true, ""verbose"": 0}, ""cv"": {""k"": 5, ""seed"": 42, ""shuffle"": true}, ""data"": {""inputs"": 12, ""normalize"": true, ""normalize_target"": true, ""targets"": 4, ""train_path"": ""data/CUP/internal_train_80.csv""}, ""model"": {""activation"": ""tanh"", ""dropout"": 0.0, ""hidden_units"": [8], ""output_activation"": ""linear""}, ""optim"": {""lr"": 0.01, ""momentum"": 0.7, ""name"": ""sgd""}, ""regularizer"": {""l2"": 0.0005}, ""seed"": 42, ""split"": {""stratified"": false, ""val_size"": 0.2}, ""training"": {""batch_size"": 64, ""epochs"": 800, ""include_reg_in_val"": false, ""loss"": ""mee"", ""metric"": ""mee"", ""shuffle"": true}}"
0ddc87aefe1b,42,kfold,val_loss,min,1.795386095198377,,1.795386095198377,0.18187816329791612,1.795386095198377,0.18187816329791612,316.4,56.09848482802365,9.692847967147827,"{""callbacks"": {""early_stopping"": true, ""min_delta"": ""1e-5"", ""mode"": ""min"", ""monitor"": ""val_loss"", ""patience"": 50, ""restore_best_weights"": true, ""verbose"": 0}, ""cv"": {""k"": 5, ""seed"": 42, ""shuffle"": true}, ""data"": {""inputs"": 12, ""normalize"": true, ""normalize_target"": true, ""targets"": 4, ""train_path"": ""data/CUP/internal_train_80.csv""}, ""model"": {""activation"": ""tanh"", ""dropout"": 0.0, ""hidden_units"": [8], ""output_activation"": ""linear""}, ""optim"": {""lr"": 0.01, ""momentum"": 0.7, ""name"": ""sgd""}, ""regularizer"": {""l2"": 0.0005}, ""seed"": 42, ""split"": {""stratified"": false, ""val_size"": 0.2}, ""training"": {""batch_size"": 32, ""epochs"": 800, ""include_reg_in_val"": false, ""loss"": ""mee"", ""metric"": ""mee"", ""shuffle"": true}}"
e1a11d18892b,42,kfold,val_loss,min,1.7946354470630925,,1.7946354470630925,0.1823475578937097,1.7946354470630925,0.1823475578937097,316.4,56.09848482802365,8.906707048416138,"{""callbacks"": {""early_stopping"": true, ""min_delta"": ""1e-5"", ""mode"": ""min"", ""monitor"": ""val_loss"", ""patience"": 50, ""restore_best_weights"": true, ""verbose"": 0}, ""cv"": {""k"": 5, ""seed"": 42, ""shuffle"": true}, ""data"": {""inputs"": 12, ""normalize"": true, ""normalize_target"": true, ""targets"": 4, ""train_path"": ""data/CUP/internal_train_80.csv""}, ""model"": {""activation"": ""tanh"", ""dropout"": 0.0, ""hidden_units"": [8], ""output_activation"": ""linear""}, ""optim"": {""lr"": 0.01, ""momentum"": 0.7, ""name"": ""sgd""}, ""regularizer"": {""l2"": 0.0008}, ""seed"": 42, ""split"": {""stratified"": false, ""val_size"": 0.2}, ""training"": {""batch_size"": 32, ""epochs"": 800, ""include_reg_in_val"": false, ""loss"": ""mee"", ""metric"": ""mee"", ""shuffle"": true}}"
093c917cc654,42,kfold,val_loss,min,1.8289997381505838,,1.8289997381505838,0.19370096290776193,1.8289997381505838,0.19370096290776193,537.2,141.45585883942735,8.032862901687622,"{""callbacks"": {""early_stopping"": true, ""min_delta"": ""1e-5"", ""mode"": ""min"", ""monitor"": ""val_loss"", ""patience"": 50, ""restore_best_weights"": true, ""verbose"": 0}, ""cv"": {""k"": 5, ""seed"": 42, ""shuffle"": true}, ""data"": {""inputs"": 12, ""normalize"": true, ""normalize_target"": true, ""targets"": 4, ""train_path"": ""data/CUP/internal_train_80.csv""}, ""model"": {""activation"": ""tanh"", ""dropout"": 0.0, ""hidden_units"": [8], ""output_activation"": ""linear""}, ""optim"": {""lr"": 0.01, ""momentum"": 0.7, ""name"": ""sgd""}, ""regularizer"": {""l2"": 0.0008}, ""seed"": 42, ""split"": {""stratified"": false, ""val_size"": 0.2}, ""training"": {""batch_size"": 64, ""epochs"": 800, ""include_reg_in_val"": false, ""loss"": ""mee"", ""metric"": ""mee"", ""shuffle"": true}}"
471d263245a7,42,kfold,val_loss,min,1.7875147245387317,,1.7875147245387317,0.1637623773969754,1.7875147245387317,0.1637623773969754,205.6,46.45686171062354,12.21607518196106,"{""callbacks"": {""early_stopping"": true, ""min_delta"": ""1e-5"", ""mode"": ""min"", ""monitor"": ""val_loss"", ""patience"": 50, ""restore_best_weights"": true, ""verbose"": 0}, ""cv"": {""k"": 5, ""seed"": 42, ""shuffle"": true}, ""data"": {""inputs"": 12, ""normalize"": true, ""normalize_target"": true, ""targets"": 4, ""train_path"": ""data/CUP/internal_train_80.csv""}, ""model"": {""activation"": ""tanh"", ""dropout"": 0.0, ""hidden_units"": [8], ""output_activation"": ""linear""}, ""optim"": {""lr"": 0.01, ""momentum"": 0.7, ""name"": ""sgd""}, ""regularizer"": {""l2"": 0.0005}, ""seed"": 42, ""split"": {""stratified"": false, ""val_size"": 0.2}, ""training"": {""batch_size"": 16, ""epochs"": 800, ""include_reg_in_val"": false, ""loss"": ""mee"", ""metric"": ""mee"", ""shuffle"": true}}"
88cb917f2230,42,kfold,val_loss,min,1.7868375979093276,,1.7868375979093276,0.16370061625747656,1.7868375979093276,0.16370061625747656,205.6,46.45686171062354,12.127568483352661,"{""callbacks"": {""early_stopping"": true, ""min_delta"": ""1e-5"", ""mode"": ""min"", ""monitor"": ""val_loss"", ""patience"": 50, ""restore_best_weights"": true, ""verbose"": 0}, ""cv"": {""k"": 5, ""seed"": 42, ""shuffle"": true}, ""data"": {""inputs"": 12, ""normalize"": true, ""normalize_target"": true, ""targets"": 4, ""train_path"": ""data/CUP/internal_train_80.csv""}, ""model"": {""activation"": ""tanh"", ""dropout"": 0.0, ""hidden_units"": [8], ""output_activation"": ""linear""}, ""optim"": {""lr"": 0.01, ""momentum"": 0.7, ""name"": ""sgd""}, ""regularizer"": {""l2"": 0.0008}, ""seed"": 42, ""split"": {""stratified"": false, ""val_size"": 0.2}, ""training"": {""batch_size"": 16, ""epochs"": 800, ""include_reg_in_val"": false, ""loss"": ""mee"", ""metric"": ""mee"", ""shuffle"": true}}"
b93610f616a9,42,kfold,val_loss,min,1.7864431432385082,,1.7864431432385082,0.16361035426326503,1.7864431432385082,0.16361035426326503,205.6,46.45686171062354,10.29447054862976,"{""callbacks"": {""early_stopping"": true, ""min_delta"": ""1e-5"", ""mode"": ""min"", ""monitor"": ""val_loss"", ""patience"": 50, ""restore_best_weights"": true, ""verbose"": 0}, ""cv"": {""k"": 5, ""seed"": 42, ""shuffle"": true}, ""data"": {""inputs"": 12, ""normalize"": true, ""normalize_target"": true, ""targets"": 4, ""train_path"": ""data/CUP/internal_train_80.csv""}, ""model"": {""activation"": ""tanh"", ""dropout"": 0.0, ""hidden_units"": [8], ""output_activation"": ""linear""}, ""optim"": {""lr"": 0.01, ""momentum"": 0.7, ""name"": ""sgd""}, ""regularizer"": {""l2"": 0.001}, ""seed"": 42, ""split"": {""stratified"": false, ""val_size"": 0.2}, ""training"": {""batch_size"": 16, ""epochs"": 800, ""include_reg_in_val"": false, ""loss"": ""mee"", ""metric"": ""mee"", ""shuffle"": true}}"
e98db19eeee7,42,kfold,val_loss,min,1.7941602725632824,,1.7941602725632824,0.18258545988817837,1.7941602725632824,0.18258545988817837,316.4,59.098561742228554,7.954588174819946,"{""callbacks"": {""early_stopping"": true, ""min_delta"": ""1e-5"", ""mode"": ""min"", ""monitor"": ""val_loss"", ""patience"": 50, ""restore_best_weights"": true, ""verbose"": 0}, ""cv"": {""k"": 5, ""seed"": 42, ""shuffle"": true}, ""data"": {""inputs"": 12, ""normalize"": true, ""normalize_target"": true, ""targets"": 4, ""train_path"": ""data/CUP/internal_train_80.csv""}, ""model"": {""activation"": ""tanh"", ""dropout"": 0.0, ""hidden_units"": [8], ""output_activation"": ""linear""}, ""optim"": {""lr"": 0.01, ""momentum"": 0.7, ""name"": ""sgd""}, ""regularizer"": {""l2"": 0.001}, ""seed"": 42, ""split"": {""stratified"": false, ""val_size"": 0.2}, ""training"": {""batch_size"": 32, ""epochs"": 800, ""include_reg_in_val"": false, ""loss"": ""mee"", ""metric"": ""mee"", ""shuffle"": true}}"
b4e119d549ca,42,kfold,val_loss,min,1.7947551653586735,,1.7947551653586735,0.18126890846965493,1.7947551653586735,0.18126890846965493,369.6,52.72798118646304,6.1169023513793945,"{""callbacks"": {""early_stopping"": true, ""min_delta"": ""1e-5"", ""mode"": ""min"", ""monitor"": ""val_loss"", ""patience"": 50, ""restore_best_weights"": true, ""verbose"": 0}, ""cv"": {""k"": 5, ""seed"": 42, ""shuffle"": true}, ""data"": {""inputs"": 12, ""normalize"": true, ""normalize_target"": true, ""targets"": 4, ""train_path"": ""data/CUP/internal_train_80.csv""}, ""model"": {""activation"": ""tanh"", ""dropout"": 0.0, ""hidden_units"": [8], ""output_activation"": ""linear""}, ""optim"": {""lr"": 0.01, ""momentum"": 0.8, ""name"": ""sgd""}, ""regularizer"": {""l2"": 1e-05}, ""seed"": 42, ""split"": {""stratified"": false, ""val_size"": 0.2}, ""training"": {""batch_size"": 64, ""epochs"": 800, ""include_reg_in_val"": false, ""loss"": ""mee"", ""metric"": ""mee"", ""shuffle"": true}}"
f56d7162f89c,42,kfold,val_loss,min,1.8018098669319316,,1.8018098669319316,0.16206065728988198,1.8018098669319316,0.16206065728988198,237.2,65.70966443378022,6.904483318328857,"{""callbacks"": {""early_stopping"": true, ""min_delta"": ""1e-5"", ""mode"": ""min"", ""monitor"": ""val_loss"", ""patience"": 50, ""restore_best_weights"": true, ""verbose"": 0}, ""cv"": {""k"": 5, ""seed"": 42, ""shuffle"": true}, ""data"": {""inputs"": 12, ""normalize"": true, ""normalize_target"": true, ""targets"": 4, ""train_path"": ""data/CUP/internal_train_80.csv""}, ""model"": {""activation"": ""tanh"", ""dropout"": 0.0, ""hidden_units"": [8], ""output_activation"": ""linear""}, ""optim"": {""lr"": 0.01, ""momentum"": 0.8, ""name"": ""sgd""}, ""regularizer"": {""l2"": 1e-05}, ""seed"": 42, ""split"": {""stratified"": false, ""val_size"": 0.2}, ""training"": {""batch_size"": 32, ""epochs"": 800, ""include_reg_in_val"": false, ""loss"": ""mee"", ""metric"": ""mee"", ""shuffle"": true}}"
00088b188c69,42,kfold,val_loss,min,1.828485819792446,,1.828485819792446,0.19381697153904917,1.828485819792446,0.19381697153904917,537.2,141.45585883942735,9.480745792388916,"{""callbacks"": {""early_stopping"": true, ""min_delta"": ""1e-5"", ""mode"": ""min"", ""monitor"": ""val_loss"", ""patience"": 50, ""restore_best_weights"": true, ""verbose"": 0}, ""cv"": {""k"": 5, ""seed"": 42, ""shuffle"": true}, ""data"": {""inputs"": 12, ""normalize"": true, ""normalize_target"": true, ""targets"": 4, ""train_path"": ""data/CUP/internal_train_80.csv""}, ""model"": {""activation"": ""tanh"", ""dropout"": 0.0, ""hidden_units"": [8], ""output_activation"": ""linear""}, ""optim"": {""lr"": 0.01, ""momentum"": 0.7, ""name"": ""sgd""}, ""regularizer"": {""l2"": 0.001}, ""seed"": 42, ""split"": {""stratified"": false, ""val_size"": 0.2}, ""training"": {""batch_size"": 64, ""epochs"": 800, ""include_reg_in_val"": false, ""loss"": ""mee"", ""metric"": ""mee"", ""shuffle"": true}}"
27944bf423b3,42,kfold,val_loss,min,1.7742548270810783,,1.7742548270810783,0.1326690827720995,1.7742548270810783,0.1326690827720995,164.2,39.14792459377636,9.87544059753418,"{""callbacks"": {""early_stopping"": true, ""min_delta"": ""1e-5"", ""mode"": ""min"", ""monitor"": ""val_loss"", ""patience"": 50, ""restore_best_weights"": true, ""verbose"": 0}, ""cv"": {""k"": 5, ""seed"": 42, ""shuffle"": true}, ""data"": {""inputs"": 12, ""normalize"": true, ""normalize_target"": true, ""targets"": 4, ""train_path"": ""data/CUP/internal_train_80.csv""}, ""model"": {""activation"": ""tanh"", ""dropout"": 0.0, ""hidden_units"": [8], ""output_activation"": ""linear""}, ""optim"": {""lr"": 0.01, ""momentum"": 0.8, ""name"": ""sgd""}, ""regularizer"": {""l2"": 1e-05}, ""seed"": 42, ""split"": {""stratified"": false, ""val_size"": 0.2}, ""training"": {""batch_size"": 16, ""epochs"": 800, ""include_reg_in_val"": false, ""loss"": ""mee"", ""metric"": ""mee"", ""shuffle"": true}}"
048065759fd1,42,kfold,val_loss,min,1.801272583304441,,1.801272583304441,0.1625231361408665,1.801272583304441,0.1625231361408665,237.2,65.70966443378022,6.674435615539551,"{""callbacks"": {""early_stopping"": true, ""min_delta"": ""1e-5"", ""mode"": ""min"", ""monitor"": ""val_loss"", ""patience"": 50, ""restore_best_weights"": true, ""verbose"": 0}, ""cv"": {""k"": 5, ""seed"": 42, ""shuffle"": true}, ""data"": {""inputs"": 12, ""normalize"": true, ""normalize_target"": true, ""targets"": 4, ""train_path"": ""data/CUP/internal_train_80.csv""}, ""model"": {""activation"": ""tanh"", ""dropout"": 0.0, ""hidden_units"": [8], ""output_activation"": ""linear""}, ""optim"": {""lr"": 0.01, ""momentum"": 0.8, ""name"": ""sgd""}, ""regularizer"": {""l2"": 0.0003}, ""seed"": 42, ""split"": {""stratified"": false, ""val_size"": 0.2}, ""training"": {""batch_size"": 32, ""epochs"": 800, ""include_reg_in_val"": false, ""loss"": ""mee"", ""metric"": ""mee"", ""shuffle"": true}}"
9414abdb86fd,42,kfold,val_loss,min,1.7945284761454616,,1.7945284761454616,0.18161169912361202,1.7945284761454616,0.18161169912361202,369.6,52.72798118646304,5.884651184082031,"{""callbacks"": {""early_stopping"": true, ""min_delta"": ""1e-5"", ""mode"": ""min"", ""monitor"": ""val_loss"", ""patience"": 50, ""restore_best_weights"": true, ""verbose"": 0}, ""cv"": {""k"": 5, ""seed"": 42, ""shuffle"": true}, ""data"": {""inputs"": 12, ""normalize"": true, ""normalize_target"": true, ""targets"": 4, ""train_path"": ""data/CUP/internal_train_80.csv""}, ""model"": {""activation"": ""tanh"", ""dropout"": 0.0, ""hidden_units"": [8], ""output_activation"": ""linear""}, ""optim"": {""lr"": 0.01, ""momentum"": 0.8, ""name"": ""sgd""}, ""regularizer"": {""l2"": 0.0003}, ""seed"": 42, ""split"": {""stratified"": false, ""val_size"": 0.2}, ""training"": {""batch_size"": 64, ""epochs"": 800, ""include_reg_in_val"": false, ""loss"": ""mee"", ""metric"": ""mee"", ""shuffle"": true}}"
fabee7aba2df,42,kfold,val_loss,min,1.7734246304332029,,1.7734246304332029,0.13376202672496224,1.7734246304332029,0.13376202672496224,164.2,39.14792459377636,9.875778913497925,"{""callbacks"": {""early_stopping"": true, ""min_delta"": ""1e-5"", ""mode"": ""min"", ""monitor"": ""val_loss"", ""patience"": 50, ""restore_best_weights"": true, ""verbose"": 0}, ""cv"": {""k"": 5, ""seed"": 42, ""shuffle"": true}, ""data"": {""inputs"": 12, ""normalize"": true, ""normalize_target"": true, ""targets"": 4, ""train_path"": ""data/CUP/internal_train_80.csv""}, ""model"": {""activation"": ""tanh"", ""dropout"": 0.0, ""hidden_units"": [8], ""output_activation"": ""linear""}, ""optim"": {""lr"": 0.01, ""momentum"": 0.8, ""name"": ""sgd""}, ""regularizer"": {""l2"": 0.0003}, ""seed"": 42, ""split"": {""stratified"": false, ""val_size"": 0.2}, ""training"": {""batch_size"": 16, ""epochs"": 800, ""include_reg_in_val"": false, ""loss"": ""mee"", ""metric"": ""mee"", ""shuffle"": true}}"
d0c3e16242f3,42,kfold,val_loss,min,1.800926146807221,,1.800926146807221,0.16264386867013916,1.800926146807221,0.16264386867013916,237.4,65.5975609302663,6.4171226024627686,"{""callbacks"": {""early_stopping"": true, ""min_delta"": ""1e-5"", ""mode"": ""min"", ""monitor"": ""val_loss"", ""patience"": 50, ""restore_best_weights"": true, ""verbose"": 0}, ""cv"": {""k"": 5, ""seed"": 42, ""shuffle"": true}, ""data"": {""inputs"": 12, ""normalize"": true, ""normalize_target"": true, ""targets"": 4, ""train_path"": ""data/CUP/internal_train_80.csv""}, ""model"": {""activation"": ""tanh"", ""dropout"": 0.0, ""hidden_units"": [8], ""output_activation"": ""linear""}, ""optim"": {""lr"": 0.01, ""momentum"": 0.8, ""name"": ""sgd""}, ""regularizer"": {""l2"": 0.0005}, ""seed"": 42, ""split"": {""stratified"": false, ""val_size"": 0.2}, ""training"": {""batch_size"": 32, ""epochs"": 800, ""include_reg_in_val"": false, ""loss"": ""mee"", ""metric"": ""mee"", ""shuffle"": true}}"
4867468fa806,42,kfold,val_loss,min,1.7756272641591195,,1.7756272641591195,0.13136637399335055,1.7756272641591195,0.13136637399335055,164.2,39.14792459377636,8.51498794555664,"{""callbacks"": {""early_stopping"": true, ""min_delta"": ""1e-5"", ""mode"": ""min"", ""monitor"": ""val_loss"", ""patience"": 50, ""restore_best_weights"": true, ""verbose"": 0}, ""cv"": {""k"": 5, ""seed"": 42, ""shuffle"": true}, ""data"": {""inputs"": 12, ""normalize"": true, ""normalize_target"": true, ""targets"": 4, ""train_path"": ""data/CUP/internal_train_80.csv""}, ""model"": {""activation"": ""tanh"", ""dropout"": 0.0, ""hidden_units"": [8], ""output_activation"": ""linear""}, ""optim"": {""lr"": 0.01, ""momentum"": 0.8, ""name"": ""sgd""}, ""regularizer"": {""l2"": 0.0005}, ""seed"": 42, ""split"": {""stratified"": false, ""val_size"": 0.2}, ""training"": {""batch_size"": 16, ""epochs"": 800, ""include_reg_in_val"": false, ""loss"": ""mee"", ""metric"": ""mee"", ""shuffle"": true}}"
3be8cc414250,42,kfold,val_loss,min,1.7944588098010066,,1.7944588098010066,0.18183865735506757,1.7944588098010066,0.18183865735506757,369.6,52.72798118646304,6.993436098098755,"{""callbacks"": {""early_stopping"": true, ""min_delta"": ""1e-5"", ""mode"": ""min"", ""monitor"": ""val_loss"", ""patience"": 50, ""restore_best_weights"": true, ""verbose"": 0}, ""cv"": {""k"": 5, ""seed"": 42, ""shuffle"": true}, ""data"": {""inputs"": 12, ""normalize"": true, ""normalize_target"": true, ""targets"": 4, ""train_path"": ""data/CUP/internal_train_80.csv""}, ""model"": {""activation"": ""tanh"", ""dropout"": 0.0, ""hidden_units"": [8], ""output_activation"": ""linear""}, ""optim"": {""lr"": 0.01, ""momentum"": 0.8, ""name"": ""sgd""}, ""regularizer"": {""l2"": 0.0005}, ""seed"": 42, ""split"": {""stratified"": false, ""val_size"": 0.2}, ""training"": {""batch_size"": 64, ""epochs"": 800, ""include_reg_in_val"": false, ""loss"": ""mee"", ""metric"": ""mee"", ""shuffle"": true}}"
0083ce475dd7,42,kfold,val_loss,min,1.7944655599009462,,1.7944655599009462,0.18216327774317262,1.7944655599009462,0.18216327774317262,369.6,52.72798118646304,6.033635139465332,"{""callbacks"": {""early_stopping"": true, ""min_delta"": ""1e-5"", ""mode"": ""min"", ""monitor"": ""val_loss"", ""patience"": 50, ""restore_best_weights"": true, ""verbose"": 0}, ""cv"": {""k"": 5, ""seed"": 42, ""shuffle"": true}, ""data"": {""inputs"": 12, ""normalize"": true, ""normalize_target"": true, ""targets"": 4, ""train_path"": ""data/CUP/internal_train_80.csv""}, ""model"": {""activation"": ""tanh"", ""dropout"": 0.0, ""hidden_units"": [8], ""output_activation"": ""linear""}, ""optim"": {""lr"": 0.01, ""momentum"": 0.8, ""name"": ""sgd""}, ""regularizer"": {""l2"": 0.0008}, ""seed"": 42, ""split"": {""stratified"": false, ""val_size"": 0.2}, ""training"": {""batch_size"": 64, ""epochs"": 800, ""include_reg_in_val"": false, ""loss"": ""mee"", ""metric"": ""mee"", ""shuffle"": true}}"
53cf899f899c,42,kfold,val_loss,min,1.7980599037117648,,1.7980599037117648,0.16599936067581642,1.7980599037117648,0.16599936067581642,258.8,65.40152903411357,8.162940502166748,"{""callbacks"": {""early_stopping"": true, ""min_delta"": ""1e-5"", ""mode"": ""min"", ""monitor"": ""val_loss"", ""patience"": 50, ""restore_best_weights"": true, ""verbose"": 0}, ""cv"": {""k"": 5, ""seed"": 42, ""shuffle"": true}, ""data"": {""inputs"": 12, ""normalize"": true, ""normalize_target"": true, ""targets"": 4, ""train_path"": ""data/CUP/internal_train_80.csv""}, ""model"": {""activation"": ""tanh"", ""dropout"": 0.0, ""hidden_units"": [8], ""output_activation"": ""linear""}, ""optim"": {""lr"": 0.01, ""momentum"": 0.8, ""name"": ""sgd""}, ""regularizer"": {""l2"": 0.0008}, ""seed"": 42, ""split"": {""stratified"": false, ""val_size"": 0.2}, ""training"": {""batch_size"": 32, ""epochs"": 800, ""include_reg_in_val"": false, ""loss"": ""mee"", ""metric"": ""mee"", ""shuffle"": true}}"
b5a2c82ab0be,42,kfold,val_loss,min,1.773620592955459,,1.773620592955459,0.13401968747010493,1.773620592955459,0.13401968747010493,154.2,39.45326348985594,9.646266222000122,"{""callbacks"": {""early_stopping"": true, ""min_delta"": ""1e-5"", ""mode"": ""min"", ""monitor"": ""val_loss"", ""patience"": 50, ""restore_best_weights"": true, ""verbose"": 0}, ""cv"": {""k"": 5, ""seed"": 42, ""shuffle"": true}, ""data"": {""inputs"": 12, ""normalize"": true, ""normalize_target"": true, ""targets"": 4, ""train_path"": ""data/CUP/internal_train_80.csv""}, ""model"": {""activation"": ""tanh"", ""dropout"": 0.0, ""hidden_units"": [8], ""output_activation"": ""linear""}, ""optim"": {""lr"": 0.01, ""momentum"": 0.8, ""name"": ""sgd""}, ""regularizer"": {""l2"": 0.0008}, ""seed"": 42, ""split"": {""stratified"": false, ""val_size"": 0.2}, ""training"": {""batch_size"": 16, ""epochs"": 800, ""include_reg_in_val"": false, ""loss"": ""mee"", ""metric"": ""mee"", ""shuffle"": true}}"
0012798718db,42,kfold,val_loss,min,1.797300930205547,,1.797300930205547,0.16683657385391157,1.797300930205547,0.16683657385391157,262.2,67.90110455655342,7.757511615753174,"{""callbacks"": {""early_stopping"": true, ""min_delta"": ""1e-5"", ""mode"": ""min"", ""monitor"": ""val_loss"", ""patience"": 50, ""restore_best_weights"": true, ""verbose"": 0}, ""cv"": {""k"": 5, ""seed"": 42, ""shuffle"": true}, ""data"": {""inputs"": 12, ""normalize"": true, ""normalize_target"": true, ""targets"": 4, ""train_path"": ""data/CUP/internal_train_80.csv""}, ""model"": {""activation"": ""tanh"", ""dropout"": 0.0, ""hidden_units"": [8], ""output_activation"": ""linear""}, ""optim"": {""lr"": 0.01, ""momentum"": 0.8, ""name"": ""sgd""}, ""regularizer"": {""l2"": 0.001}, ""seed"": 42, ""split"": {""stratified"": false, ""val_size"": 0.2}, ""training"": {""batch_size"": 32, ""epochs"": 800, ""include_reg_in_val"": false, ""loss"": ""mee"", ""metric"": ""mee"", ""shuffle"": true}}"
f42e59f14603,42,kfold,val_loss,min,1.7945297711783397,,1.7945297711783397,0.18236763524427527,1.7945297711783397,0.18236763524427527,369.6,52.72798118646304,5.899044513702393,"{""callbacks"": {""early_stopping"": true, ""min_delta"": ""1e-5"", ""mode"": ""min"", ""monitor"": ""val_loss"", ""patience"": 50, ""restore_best_weights"": true, ""verbose"": 0}, ""cv"": {""k"": 5, ""seed"": 42, ""shuffle"": true}, ""data"": {""inputs"": 12, ""normalize"": true, ""normalize_target"": true, ""targets"": 4, ""train_path"": ""data/CUP/internal_train_80.csv""}, ""model"": {""activation"": ""tanh"", ""dropout"": 0.0, ""hidden_units"": [8], ""output_activation"": ""linear""}, ""optim"": {""lr"": 0.01, ""momentum"": 0.8, ""name"": ""sgd""}, ""regularizer"": {""l2"": 0.001}, ""seed"": 42, ""split"": {""stratified"": false, ""val_size"": 0.2}, ""training"": {""batch_size"": 64, ""epochs"": 800, ""include_reg_in_val"": false, ""loss"": ""mee"", ""metric"": ""mee"", ""shuffle"": true}}"
85905cba32c6,42,kfold,val_loss,min,1.800972610472958,,1.800972610472958,0.11095470470350843,1.800972610472958,0.11095470470350843,101.0,37.11603427091855,5.8962953090667725,"{""callbacks"": {""early_stopping"": true, ""min_delta"": ""1e-5"", ""mode"": ""min"", ""monitor"": ""val_loss"", ""patience"": 50, ""restore_best_weights"": true, ""verbose"": 0}, ""cv"": {""k"": 5, ""seed"": 42, ""shuffle"": true}, ""data"": {""inputs"": 12, ""normalize"": true, ""normalize_target"": true, ""targets"": 4, ""train_path"": ""data/CUP/internal_train_80.csv""}, ""model"": {""activation"": ""tanh"", ""dropout"": 0.0, ""hidden_units"": [8], ""output_activation"": ""linear""}, ""optim"": {""lr"": 0.01, ""momentum"": 0.9, ""name"": ""sgd""}, ""regularizer"": {""l2"": 1e-05}, ""seed"": 42, ""split"": {""stratified"": false, ""val_size"": 0.2}, ""training"": {""batch_size"": 16, ""epochs"": 800, ""include_reg_in_val"": false, ""loss"": ""mee"", ""metric"": ""mee"", ""shuffle"": true}}"
8442becc193e,42,kfold,val_loss,min,1.7843767310412246,,1.7843767310412246,0.15743601975072544,1.7843767310412246,0.15743601975072544,157.6,30.52605444534226,5.377925157546997,"{""callbacks"": {""early_stopping"": true, ""min_delta"": ""1e-5"", ""mode"": ""min"", ""monitor"": ""val_loss"", ""patience"": 50, ""restore_best_weights"": true, ""verbose"": 0}, ""cv"": {""k"": 5, ""seed"": 42, ""shuffle"": true}, ""data"": {""inputs"": 12, ""normalize"": true, ""normalize_target"": true, ""targets"": 4, ""train_path"": ""data/CUP/internal_train_80.csv""}, ""model"": {""activation"": ""tanh"", ""dropout"": 0.0, ""hidden_units"": [8], ""output_activation"": ""linear""}, ""optim"": {""lr"": 0.01, ""momentum"": 0.9, ""name"": ""sgd""}, ""regularizer"": {""l2"": 1e-05}, ""seed"": 42, ""split"": {""stratified"": false, ""val_size"": 0.2}, ""training"": {""batch_size"": 32, ""epochs"": 800, ""include_reg_in_val"": false, ""loss"": ""mee"", ""metric"": ""mee"", ""shuffle"": true}}"
833008af4bec,42,kfold,val_loss,min,1.8172802165830706,,1.8172802165830706,0.16005343814567702,1.8172802165830706,0.16005343814567702,242.2,44.40450427603037,4.464409112930298,"{""callbacks"": {""early_stopping"": true, ""min_delta"": ""1e-5"", ""mode"": ""min"", ""monitor"": ""val_loss"", ""patience"": 50, ""restore_best_weights"": true, ""verbose"": 0}, ""cv"": {""k"": 5, ""seed"": 42, ""shuffle"": true}, ""data"": {""inputs"": 12, ""normalize"": true, ""normalize_target"": true, ""targets"": 4, ""train_path"": ""data/CUP/internal_train_80.csv""}, ""model"": {""activation"": ""tanh"", ""dropout"": 0.0, ""hidden_units"": [8], ""output_activation"": ""linear""}, ""optim"": {""lr"": 0.01, ""momentum"": 0.9, ""name"": ""sgd""}, ""regularizer"": {""l2"": 1e-05}, ""seed"": 42, ""split"": {""stratified"": false, ""val_size"": 0.2}, ""training"": {""batch_size"": 64, ""epochs"": 800, ""include_reg_in_val"": false, ""loss"": ""mee"", ""metric"": ""mee"", ""shuffle"": true}}"
b4883d4b81b7,42,kfold,val_loss,min,1.7672241644943951,,1.7672241644943951,0.1352130974862452,1.7672241644943951,0.1352130974862452,187.4,103.27942679933889,9.699451923370361,"{""callbacks"": {""early_stopping"": true, ""min_delta"": ""1e-5"", ""mode"": ""min"", ""monitor"": ""val_loss"", ""patience"": 50, ""restore_best_weights"": true, ""verbose"": 0}, ""cv"": {""k"": 5, ""seed"": 42, ""shuffle"": true}, ""data"": {""inputs"": 12, ""normalize"": true, ""normalize_target"": true, ""targets"": 4, ""train_path"": ""data/CUP/internal_train_80.csv""}, ""model"": {""activation"": ""tanh"", ""dropout"": 0.0, ""hidden_units"": [8], ""output_activation"": ""linear""}, ""optim"": {""lr"": 0.01, ""momentum"": 0.8, ""name"": ""sgd""}, ""regularizer"": {""l2"": 0.001}, ""seed"": 42, ""split"": {""stratified"": false, ""val_size"": 0.2}, ""training"": {""batch_size"": 16, ""epochs"": 800, ""include_reg_in_val"": false, ""loss"": ""mee"", ""metric"": ""mee"", ""shuffle"": true}}"
8b530a952620,42,kfold,val_loss,min,1.782746821499368,,1.782746821499368,0.15890541778291473,1.782746821499368,0.15890541778291473,165.4,41.706594202835596,5.560928106307983,"{""callbacks"": {""early_stopping"": true, ""min_delta"": ""1e-5"", ""mode"": ""min"", ""monitor"": ""val_loss"", ""patience"": 50, ""restore_best_weights"": true, ""verbose"": 0}, ""cv"": {""k"": 5, ""seed"": 42, ""shuffle"": true}, ""data"": {""inputs"": 12, ""normalize"": true, ""normalize_target"": true, ""targets"": 4, ""train_path"": ""data/CUP/internal_train_80.csv""}, ""model"": {""activation"": ""tanh"", ""dropout"": 0.0, ""hidden_units"": [8], ""output_activation"": ""linear""}, ""optim"": {""lr"": 0.01, ""momentum"": 0.9, ""name"": ""sgd""}, ""regularizer"": {""l2"": 0.0003}, ""seed"": 42, ""split"": {""stratified"": false, ""val_size"": 0.2}, ""training"": {""batch_size"": 32, ""epochs"": 800, ""include_reg_in_val"": false, ""loss"": ""mee"", ""metric"": ""mee"", ""shuffle"": true}}"
d4e974dcddcc,42,kfold,val_loss,min,1.8130801567532693,,1.8130801567532693,0.15533389525859842,1.8130801567532693,0.15533389525859842,239.4,39.59090804717669,4.50284743309021,"{""callbacks"": {""early_stopping"": true, ""min_delta"": ""1e-5"", ""mode"": ""min"", ""monitor"": ""val_loss"", ""patience"": 50, ""restore_best_weights"": true, ""verbose"": 0}, ""cv"": {""k"": 5, ""seed"": 42, ""shuffle"": true}, ""data"": {""inputs"": 12, ""normalize"": true, ""normalize_target"": true, ""targets"": 4, ""train_path"": ""data/CUP/internal_train_80.csv""}, ""model"": {""activation"": ""tanh"", ""dropout"": 0.0, ""hidden_units"": [8], ""output_activation"": ""linear""}, ""optim"": {""lr"": 0.01, ""momentum"": 0.9, ""name"": ""sgd""}, ""regularizer"": {""l2"": 0.0003}, ""seed"": 42, ""split"": {""stratified"": false, ""val_size"": 0.2}, ""training"": {""batch_size"": 64, ""epochs"": 800, ""include_reg_in_val"": false, ""loss"": ""mee"", ""metric"": ""mee"", ""shuffle"": true}}"
a8c4f0aa06d7,42,kfold,val_loss,min,1.7935110247186319,,1.7935110247186319,0.11795926443888594,1.7935110247186319,0.11795926443888594,108.4,35.79161913074065,7.095850944519043,"{""callbacks"": {""early_stopping"": true, ""min_delta"": ""1e-5"", ""mode"": ""min"", ""monitor"": ""val_loss"", ""patience"": 50, ""restore_best_weights"": true, ""verbose"": 0}, ""cv"": {""k"": 5, ""seed"": 42, ""shuffle"": true}, ""data"": {""inputs"": 12, ""normalize"": true, ""normalize_target"": true, ""targets"": 4, ""train_path"": ""data/CUP/internal_train_80.csv""}, ""model"": {""activation"": ""tanh"", ""dropout"": 0.0, ""hidden_units"": [8], ""output_activation"": ""linear""}, ""optim"": {""lr"": 0.01, ""momentum"": 0.9, ""name"": ""sgd""}, ""regularizer"": {""l2"": 0.0003}, ""seed"": 42, ""split"": {""stratified"": false, ""val_size"": 0.2}, ""training"": {""batch_size"": 16, ""epochs"": 800, ""include_reg_in_val"": false, ""loss"": ""mee"", ""metric"": ""mee"", ""shuffle"": true}}"
4b5dd7e5a2b7,42,kfold,val_loss,min,1.7813205567147676,,1.7813205567147676,0.15981394864587026,1.7813205567147676,0.15981394864587026,165.4,41.706594202835596,4.8275415897369385,"{""callbacks"": {""early_stopping"": true, ""min_delta"": ""1e-5"", ""mode"": ""min"", ""monitor"": ""val_loss"", ""patience"": 50, ""restore_best_weights"": true, ""verbose"": 0}, ""cv"": {""k"": 5, ""seed"": 42, ""shuffle"": true}, ""data"": {""inputs"": 12, ""normalize"": true, ""normalize_target"": true, ""targets"": 4, ""train_path"": ""data/CUP/internal_train_80.csv""}, ""model"": {""activation"": ""tanh"", ""dropout"": 0.0, ""hidden_units"": [8], ""output_activation"": ""linear""}, ""optim"": {""lr"": 0.01, ""momentum"": 0.9, ""name"": ""sgd""}, ""regularizer"": {""l2"": 0.0005}, ""seed"": 42, ""split"": {""stratified"": false, ""val_size"": 0.2}, ""training"": {""batch_size"": 32, ""epochs"": 800, ""include_reg_in_val"": false, ""loss"": ""mee"", ""metric"": ""mee"", ""shuffle"": true}}"
53383b38c2cd,42,kfold,val_loss,min,1.812483589721858,,1.812483589721858,0.17205415932663876,1.812483589721858,0.17205415932663876,239.6,57.33271317494054,5.0561017990112305,"{""callbacks"": {""early_stopping"": true, ""min_delta"": ""1e-5"", ""mode"": ""min"", ""monitor"": ""val_loss"", ""patience"": 50, ""restore_best_weights"": true, ""verbose"": 0}, ""cv"": {""k"": 5, ""seed"": 42, ""shuffle"": true}, ""data"": {""inputs"": 12, ""normalize"": true, ""normalize_target"": true, ""targets"": 4, ""train_path"": ""data/CUP/internal_train_80.csv""}, ""model"": {""activation"": ""tanh"", ""dropout"": 0.0, ""hidden_units"": [8], ""output_activation"": ""linear""}, ""optim"": {""lr"": 0.01, ""momentum"": 0.9, ""name"": ""sgd""}, ""regularizer"": {""l2"": 0.0005}, ""seed"": 42, ""split"": {""stratified"": false, ""val_size"": 0.2}, ""training"": {""batch_size"": 64, ""epochs"": 800, ""include_reg_in_val"": false, ""loss"": ""mee"", ""metric"": ""mee"", ""shuffle"": true}}"
d231c024a844,42,kfold,val_loss,min,1.7795187750991484,,1.7795187750991484,0.16122017929828927,1.7795187750991484,0.16122017929828927,175.8,57.69367382997897,5.271997928619385,"{""callbacks"": {""early_stopping"": true, ""min_delta"": ""1e-5"", ""mode"": ""min"", ""monitor"": ""val_loss"", ""patience"": 50, ""restore_best_weights"": true, ""verbose"": 0}, ""cv"": {""k"": 5, ""seed"": 42, ""shuffle"": true}, ""data"": {""inputs"": 12, ""normalize"": true, ""normalize_target"": true, ""targets"": 4, ""train_path"": ""data/CUP/internal_train_80.csv""}, ""model"": {""activation"": ""tanh"", ""dropout"": 0.0, ""hidden_units"": [8], ""output_activation"": ""linear""}, ""optim"": {""lr"": 0.01, ""momentum"": 0.9, ""name"": ""sgd""}, ""regularizer"": {""l2"": 0.0008}, ""seed"": 42, ""split"": {""stratified"": false, ""val_size"": 0.2}, ""training"": {""batch_size"": 32, ""epochs"": 800, ""include_reg_in_val"": false, ""loss"": ""mee"", ""metric"": ""mee"", ""shuffle"": true}}"
6b834544b6f9,42,kfold,val_loss,min,1.7893729693371498,,1.7893729693371498,0.11819555730362317,1.7893729693371498,0.11819555730362317,108.4,35.79161913074065,6.9323906898498535,"{""callbacks"": {""early_stopping"": true, ""min_delta"": ""1e-5"", ""mode"": ""min"", ""monitor"": ""val_loss"", ""patience"": 50, ""restore_best_weights"": true, ""verbose"": 0}, ""cv"": {""k"": 5, ""seed"": 42, ""shuffle"": true}, ""data"": {""inputs"": 12, ""normalize"": true, ""normalize_target"": true, ""targets"": 4, ""train_path"": ""data/CUP/internal_train_80.csv""}, ""model"": {""activation"": ""tanh"", ""dropout"": 0.0, ""hidden_units"": [8], ""output_activation"": ""linear""}, ""optim"": {""lr"": 0.01, ""momentum"": 0.9, ""name"": ""sgd""}, ""regularizer"": {""l2"": 0.0005}, ""seed"": 42, ""split"": {""stratified"": false, ""val_size"": 0.2}, ""training"": {""batch_size"": 16, ""epochs"": 800, ""include_reg_in_val"": false, ""loss"": ""mee"", ""metric"": ""mee"", ""shuffle"": true}}"
6aec3414628d,42,kfold,val_loss,min,1.7855548392870488,,1.7855548392870488,0.11787633890561379,1.7855548392870488,0.11787633890561379,108.4,35.79161913074065,6.876498222351074,"{""callbacks"": {""early_stopping"": true, ""min_delta"": ""1e-5"", ""mode"": ""min"", ""monitor"": ""val_loss"", ""patience"": 50, ""restore_best_weights"": true, ""verbose"": 0}, ""cv"": {""k"": 5, ""seed"": 42, ""shuffle"": true}, ""data"": {""inputs"": 12, ""normalize"": true, ""normalize_target"": true, ""targets"": 4, ""train_path"": ""data/CUP/internal_train_80.csv""}, ""model"": {""activation"": ""tanh"", ""dropout"": 0.0, ""hidden_units"": [8], ""output_activation"": ""linear""}, ""optim"": {""lr"": 0.01, ""momentum"": 0.9, ""name"": ""sgd""}, ""regularizer"": {""l2"": 0.0008}, ""seed"": 42, ""split"": {""stratified"": false, ""val_size"": 0.2}, ""training"": {""batch_size"": 16, ""epochs"": 800, ""include_reg_in_val"": false, ""loss"": ""mee"", ""metric"": ""mee"", ""shuffle"": true}}"
7a8e4124473f,42,kfold,val_loss,min,1.8085243735164795,,1.8085243735164795,0.1695582284002021,1.8085243735164795,0.1695582284002021,236.6,51.40661436041086,4.3731067180633545,"{""callbacks"": {""early_stopping"": true, ""min_delta"": ""1e-5"", ""mode"": ""min"", ""monitor"": ""val_loss"", ""patience"": 50, ""restore_best_weights"": true, ""verbose"": 0}, ""cv"": {""k"": 5, ""seed"": 42, ""shuffle"": true}, ""data"": {""inputs"": 12, ""normalize"": true, ""normalize_target"": true, ""targets"": 4, ""train_path"": ""data/CUP/internal_train_80.csv""}, ""model"": {""activation"": ""tanh"", ""dropout"": 0.0, ""hidden_units"": [8], ""output_activation"": ""linear""}, ""optim"": {""lr"": 0.01, ""momentum"": 0.9, ""name"": ""sgd""}, ""regularizer"": {""l2"": 0.0008}, ""seed"": 42, ""split"": {""stratified"": false, ""val_size"": 0.2}, ""training"": {""batch_size"": 64, ""epochs"": 800, ""include_reg_in_val"": false, ""loss"": ""mee"", ""metric"": ""mee"", ""shuffle"": true}}"
a38699bd7fbf,42,kfold,val_loss,min,1.7939091868932753,,1.7939091868932753,0.14568127848057813,1.7939091868932753,0.14568127848057813,257.6,59.15606477783998,4.2496442794799805,"{""callbacks"": {""early_stopping"": true, ""min_delta"": ""1e-5"", ""mode"": ""min"", ""monitor"": ""val_loss"", ""patience"": 50, ""restore_best_weights"": true, ""verbose"": 0}, ""cv"": {""k"": 5, ""seed"": 42, ""shuffle"": true}, ""data"": {""inputs"": 12, ""normalize"": true, ""normalize_target"": true, ""targets"": 4, ""train_path"": ""data/CUP/internal_train_80.csv""}, ""model"": {""activation"": ""tanh"", ""dropout"": 0.0, ""hidden_units"": [8], ""output_activation"": ""linear""}, ""optim"": {""lr"": 0.01, ""momentum"": 0.9, ""name"": ""sgd""}, ""regularizer"": {""l2"": 0.001}, ""seed"": 42, ""split"": {""stratified"": false, ""val_size"": 0.2}, ""training"": {""batch_size"": 64, ""epochs"": 800, ""include_reg_in_val"": false, ""loss"": ""mee"", ""metric"": ""mee"", ""shuffle"": true}}"
82dffc24ad39,42,kfold,val_loss,min,1.7787152234368668,,1.7787152234368668,0.16174457756394056,1.7787152234368668,0.16174457756394056,179.8,60.48272480634451,5.304769992828369,"{""callbacks"": {""early_stopping"": true, ""min_delta"": ""1e-5"", ""mode"": ""min"", ""monitor"": ""val_loss"", ""patience"": 50, ""restore_best_weights"": true, ""verbose"": 0}, ""cv"": {""k"": 5, ""seed"": 42, ""shuffle"": true}, ""data"": {""inputs"": 12, ""normalize"": true, ""normalize_target"": true, ""targets"": 4, ""train_path"": ""data/CUP/internal_train_80.csv""}, ""model"": {""activation"": ""tanh"", ""dropout"": 0.0, ""hidden_units"": [8], ""output_activation"": ""linear""}, ""optim"": {""lr"": 0.01, ""momentum"": 0.9, ""name"": ""sgd""}, ""regularizer"": {""l2"": 0.001}, ""seed"": 42, ""split"": {""stratified"": false, ""val_size"": 0.2}, ""training"": {""batch_size"": 32, ""epochs"": 800, ""include_reg_in_val"": false, ""loss"": ""mee"", ""metric"": ""mee"", ""shuffle"": true}}"
b9c2990b8cb4,42,kfold,val_loss,min,1.7727482467941287,,1.7727482467941287,0.12374498561893613,1.7727482467941287,0.12374498561893613,133.8,41.93518808828691,7.143846750259399,"{""callbacks"": {""early_stopping"": true, ""min_delta"": ""1e-5"", ""mode"": ""min"", ""monitor"": ""val_loss"", ""patience"": 50, ""restore_best_weights"": true, ""verbose"": 0}, ""cv"": {""k"": 5, ""seed"": 42, ""shuffle"": true}, ""data"": {""inputs"": 12, ""normalize"": true, ""normalize_target"": true, ""targets"": 4, ""train_path"": ""data/CUP/internal_train_80.csv""}, ""model"": {""activation"": ""tanh"", ""dropout"": 0.0, ""hidden_units"": [8], ""output_activation"": ""linear""}, ""optim"": {""lr"": 0.01, ""momentum"": 0.9, ""name"": ""sgd""}, ""regularizer"": {""l2"": 0.001}, ""seed"": 42, ""split"": {""stratified"": false, ""val_size"": 0.2}, ""training"": {""batch_size"": 16, ""epochs"": 800, ""include_reg_in_val"": false, ""loss"": ""mee"", ""metric"": ""mee"", ""shuffle"": true}}"
024367ddf9fb,42,kfold,val_loss,min,1.7885425871697684,,1.7885425871697684,0.16282787532137802,1.7885425871697684,0.16282787532137802,210.4,41.02487050558478,6.178665637969971,"{""callbacks"": {""early_stopping"": true, ""min_delta"": ""1e-5"", ""mode"": ""min"", ""monitor"": ""val_loss"", ""patience"": 50, ""restore_best_weights"": true, ""verbose"": 0}, ""cv"": {""k"": 5, ""seed"": 42, ""shuffle"": true}, ""data"": {""inputs"": 12, ""normalize"": true, ""normalize_target"": true, ""targets"": 4, ""train_path"": ""data/CUP/internal_train_80.csv""}, ""model"": {""activation"": ""tanh"", ""dropout"": 0.0, ""hidden_units"": [8], ""output_activation"": ""linear""}, ""optim"": {""lr"": 0.03, ""momentum"": 0.5, ""name"": ""sgd""}, ""regularizer"": {""l2"": 1e-05}, ""seed"": 42, ""split"": {""stratified"": false, ""val_size"": 0.2}, ""training"": {""batch_size"": 32, ""epochs"": 800, ""include_reg_in_val"": false, ""loss"": ""mee"", ""metric"": ""mee"", ""shuffle"": true}}"
527789b9326e,42,kfold,val_loss,min,1.7861876679903852,,1.7861876679903852,0.1740533035565494,1.7861876679903852,0.1740533035565494,336.0,64.38322762956203,5.330198526382446,"{""callbacks"": {""early_stopping"": true, ""min_delta"": ""1e-5"", ""mode"": ""min"", ""monitor"": ""val_loss"", ""patience"": 50, ""restore_best_weights"": true, ""verbose"": 0}, ""cv"": {""k"": 5, ""seed"": 42, ""shuffle"": true}, ""data"": {""inputs"": 12, ""normalize"": true, ""normalize_target"": true, ""targets"": 4, ""train_path"": ""data/CUP/internal_train_80.csv""}, ""model"": {""activation"": ""tanh"", ""dropout"": 0.0, ""hidden_units"": [8], ""output_activation"": ""linear""}, ""optim"": {""lr"": 0.03, ""momentum"": 0.5, ""name"": ""sgd""}, ""regularizer"": {""l2"": 1e-05}, ""seed"": 42, ""split"": {""stratified"": false, ""val_size"": 0.2}, ""training"": {""batch_size"": 64, ""epochs"": 800, ""include_reg_in_val"": false, ""loss"": ""mee"", ""metric"": ""mee"", ""shuffle"": true}}"
