0.000000,-7.457946,-5.765058,-12.131621,-6.330162,2.905337,-1.750364,-9.776400,-7.521480,-8.253137,11.136919,4.835807,-4.692362,-12.690923,4.297766,7.962398,-16.564110
1.000000,2.383477,-0.256692,-2.337370,1.320655,-0.685165,-0.705652,-3.321746,-0.817611,-0.505170,3.292685,1.291128,-2.768098,-1.220228,0.501425,1.066114,-1.348731
2.000000,-13.444076,-11.524578,-16.039923,-11.535363,6.473103,-1.758073,-13.730875,-10.852691,-13.384974,12.268910,8.948837,-7.587098,-20.889607,-9.109767,24.587555,-17.128435
3.000000,-9.666579,-9.590139,-16.288450,-6.992614,4.994451,-3.951102,-12.261531,-10.581552,-8.597862,13.324993,7.476346,-5.768729,18.075010,0.043147,32.759989,-0.326189
4.000000,18.041408,14.580059,24.838455,13.697595,-9.466085,-0.420566,24.458437,18.734054,17.088989,-21.299450,-10.847531,9.748030,-27.699400,-17.684088,-12.108393,48.047119
5.000000,-4.159506,-6.545967,-5.870911,-5.568685,1.859502,-1.222328,-4.950344,-5.272924,-6.359536,6.422432,4.449477,-4.662750,-5.882127,-9.326458,19.074797,-1.108955
6.000000,-11.306767,-7.884615,-13.455816,-7.507264,6.535426,-2.556210,-11.203042,-5.789342,-10.930345,12.034471,7.787554,-8.135646,15.162781,10.354840,22.162036,-11.447864
7.000000,-12.474612,-11.284028,-20.681962,-10.978498,6.819883,-2.402050,-16.962179,-10.892961,-13.001551,12.706593,6.538272,-6.603079,-17.938086,13.227620,0.076121,-40.721375
8.000000,15.241673,14.235500,24.926195,11.665179,-8.372253,0.327627,23.946898,17.528522,13.177618,-17.751641,-9.438621,10.465427,-23.325302,-18.548226,-45.182151,9.368423
9.000000,-6.223957,-6.086172,-12.716692,-4.059921,3.338939,-0.622892,-7.579071,-7.518217,-8.605333,11.302066,3.544421,-6.931080,-6.722492,11.198759,21.142890,-2.766119
10.000000,5.680187,8.054284,12.452280,3.637678,-2.683419,-0.223488,10.401747,10.372416,4.398778,-6.376948,-4.790515,4.880590,13.493957,-1.855693,-0.981626,23.951370
11.000000,-10.173819,-11.322741,-16.760985,-7.142269,5.289541,-2.409106,-12.511653,-9.527455,-8.906056,10.430699,6.517112,-8.839794,-19.216322,-4.269419,35.706254,-0.326698
12.000000,5.358665,7.418755,11.138742,4.232031,-5.249911,0.355919,8.416763,6.703759,6.142878,-8.395010,-3.147016,3.182230,6.994620,11.044419,-20.832016,3.097989
13.000000,-8.409563,-7.293718,-10.243697,-5.826727,3.875339,-2.653535,-8.661499,-9.265549,-10.118550,9.071972,5.899838,-4.085194,-9.903559,12.733721,26.668935,-2.859739
14.000000,-12.993235,-11.341544,-16.858874,-10.088481,4.899336,-2.826205,-17.411361,-11.149952,-11.087142,15.533194,7.783952,-8.950113,7.460670,-22.284643,29.076577,-13.940543
15.000000,-10.066022,-9.797929,-16.815406,-10.233747,8.094205,-2.477852,-14.762997,-10.681860,-11.431199,11.828218,5.966127,-6.859985,-7.001282,-18.908581,18.650773,-18.257615
16.000000,15.171827,12.555137,23.484215,10.804675,-5.521033,0.056507,19.721142,18.052551,15.389718,-15.663581,-10.536003,7.919236,18.385542,21.388275,-49.415154,2.212599
17.000000,11.781083,13.007111,17.942909,8.363948,-7.155410,-1.691005,17.200021,17.573457,11.747759,-14.002730,-8.194021,9.161365,-23.780159,4.415214,-3.642471,40.630744
18.000000,15.653366,14.055508,24.266715,11.752243,-6.423899,-0.591385,21.999833,18.109946,14.357205,-19.543030,-9.408454,10.786967,-28.893820,-8.045322,-54.584865,0.316953
19.000000,9.316276,7.533792,15.889729,6.053615,-4.671739,-0.039834,13.505002,8.431327,10.154450,-7.860009,-4.700200,4.808666,16.574329,-0.588389,-23.043327,7.314890
20.000000,13.214530,13.494870,22.645020,10.864617,-9.582245,0.837419,18.756517,15.683108,10.960863,-12.757572,-7.725741,8.799190,5.767706,24.287974,-44.778314,0.916911
21.000000,2.969088,4.192704,7.069546,4.810656,-1.440527,-0.957782,6.064408,5.017627,2.963922,-4.561877,-2.945944,4.361801,5.752277,-5.403773,-13.104846,1.342034
22.000000,-3.120154,-4.852307,-8.281448,-5.325709,1.077946,-2.761859,-5.298827,-2.632095,-4.201583,6.612590,4.295009,-3.009346,8.042059,4.647071,15.731336,-1.270533
23.000000,4.712844,3.605607,5.551308,3.632102,-3.593081,-0.369314,6.809541,8.197630,5.006322,-7.088062,-3.987846,2.867657,10.553049,-0.337384,-4.082423,15.244673
24.000000,-4.707454,-2.047693,-8.859419,-2.467073,3.069574,-1.677576,-3.236561,-0.260693,-4.584832,4.437191,1.913845,-4.119109,5.396292,3.216843,8.815734,-2.684049
25.000000,-6.469682,-7.715782,-14.076421,-5.739117,5.344913,-1.998734,-7.526715,-4.546232,-5.687217,10.898670,4.914559,-4.576421,2.648569,-14.151502,23.261997,-3.091937
26.000000,14.449575,13.805257,24.774678,12.745704,-8.702004,1.508981,18.681549,18.937364,15.286543,-15.926050,-10.108516,10.263348,-7.022817,-28.636857,-15.502169,38.470517
27.000000,13.891659,12.642940,22.279202,11.466487,-7.906895,0.549027,15.607254,15.952495,11.395278,-13.801796,-7.252532,8.777254,25.591992,0.459290,-3.345950,43.507419
28.000000,-2.692594,-1.182033,-8.149237,-2.088375,1.604794,-3.599896,-3.783534,0.009161,-4.503822,5.136348,2.711284,-2.894263,5.875633,-0.932546,10.768728,-0.121167
29.000000,15.272082,15.152621,24.731438,11.861533,-9.476688,-1.658770,23.965381,17.090222,14.252986,-17.108525,-8.987251,10.432284,-28.076276,11.415698,-42.672514,12.806529
30.000000,-7.322633,-11.451876,-17.076045,-8.796684,6.163003,-2.366864,-15.184669,-11.208957,-9.730422,13.127269,6.175489,-6.758662,-13.647366,-14.582518,30.175925,-6.383477
31.000000,-6.428326,-3.874513,-10.111752,-3.276963,2.969685,-2.573655,-7.145863,-5.315206,-6.970248,4.930856,2.958155,-2.509231,-4.888213,8.762780,3.953689,-14.413406
32.000000,-5.949892,-6.562664,-10.017885,-7.173060,2.675935,-0.530282,-5.811175,-3.997163,-7.022080,7.907000,4.743167,-4.169706,1.939645,12.580368,21.741402,-1.558909
33.000000,5.024989,6.151849,5.114006,4.616524,-2.175948,-0.257395,4.677100,5.402870,3.013361,-7.574654,-2.990596,4.245243,0.352119,9.800932,-10.971592,6.980469
34.000000,-6.764579,-8.684113,-16.072679,-7.245935,4.095402,-3.270964,-8.019989,-10.441995,-5.672054,8.653574,5.958329,-5.463707,4.822213,14.903948,4.340572,-24.333385
35.000000,9.933460,11.423565,16.938454,9.723782,-4.871556,-0.140463,14.771483,14.708003,10.176337,-14.440670,-8.545426,6.699743,8.487271,20.328309,-9.851780,30.471913
36.000000,-9.502500,-9.974348,-17.789763,-9.288143,5.163917,-0.807826,-12.934866,-9.074711,-10.557606,14.815207,5.652345,-6.430250,-5.576030,18.132015,0.958207,-33.766202
37.000000,12.359352,11.239745,20.882538,8.168141,-6.879246,0.776853,16.816223,17.443342,10.375336,-13.815045,-6.919351,6.236993,-11.900142,-20.378744,-21.575384,21.622055
38.000000,-8.407525,-7.026934,-9.003887,-7.967492,4.779866,-1.877863,-5.750105,-6.432928,-7.003878,7.405660,3.658449,-3.882614,9.015526,8.531888,10.103908,-12.617218
39.000000,-9.678967,-11.493611,-18.339148,-11.454404,6.970891,-2.029822,-15.267010,-8.010502,-10.086642,15.178742,7.269765,-8.542447,17.753513,-10.880929,6.237064,-31.878500
40.000000,14.443495,14.644086,21.438396,10.540759,-6.724506,0.788299,18.581643,15.842307,14.038178,-16.268797,-9.353320,9.778422,-17.603164,21.168501,-0.851674,49.544176
41.000000,13.719771,13.161085,24.468187,12.535978,-8.345266,1.434256,21.693857,17.108388,13.826592,-15.622757,-9.001920,9.728609,14.029993,-25.527806,-0.397547,52.923074
42.000000,9.735467,7.742858,15.351996,6.229360,-6.929383,-1.296316,12.223085,9.542951,9.784894,-12.063392,-6.758815,5.104361,-10.504452,15.274837,-11.572044,22.361869
43.000000,14.180054,13.890601,23.026286,11.332221,-7.860502,-0.033306,16.308740,16.339265,11.752787,-15.270420,-9.425335,9.746916,16.198992,-20.382790,-12.363674,35.294629
44.000000,16.467150,13.959769,25.863429,12.118399,-6.171111,0.527013,17.209669,16.283613,12.488787,-15.012403,-8.462837,8.500209,25.564444,12.372254,-50.806626,1.180947
45.000000,-9.003482,-8.942047,-14.466592,-9.400434,4.885791,-2.420238,-6.694012,-4.032052,-6.654186,9.934060,6.288810,-5.995845,14.490481,-3.650676,17.336721,-10.016761
46.000000,13.856450,12.703500,18.104078,10.012004,-6.898480,-1.266857,16.433409,12.922432,12.831521,-12.456286,-6.768767,6.874425,-18.807592,15.592294,-20.211147,24.508427
47.000000,-2.118436,-4.975460,-2.978679,-4.148659,0.689380,-0.493514,-2.663669,0.104891,-1.944698,6.484659,2.699536,-1.883566,0.358635,6.742712,0.519470,-11.840428
48.000000,-7.050711,-7.162052,-10.397138,-5.575179,3.453832,-3.205183,-12.865953,-10.690040,-8.966665,9.588420,5.791165,-4.335995,2.261568,15.582314,7.816586,-21.005500
49.000000,-2.648137,-3.207545,-3.569022,-2.037290,2.786296,-0.857852,-3.071497,0.084199,-0.779505,2.286359,1.473445,-1.312488,0.517031,-2.307698,3.723014,-0.605921
50.000000,13.739034,9.340253,18.570845,11.095520,-6.358345,0.089276,13.819482,11.184687,13.197397,-14.696216,-8.387175,6.022307,19.434000,11.027968,-0.154194,40.747948
51.000000,-10.284676,-9.051815,-15.738112,-8.495046,4.961733,-1.357584,-14.030607,-8.021959,-9.459454,15.067997,7.284030,-9.086830,-10.630838,15.879882,5.888694,-29.091604
52.000000,-7.187658,-4.528535,-8.394998,-7.907955,2.890542,-1.126395,-6.656758,-3.952221,-8.220702,7.463776,5.081965,-6.307190,4.813788,11.660052,18.336469,-4.754490
53.000000,14.567481,13.903959,23.701770,10.975495,-6.161985,0.621151,20.086203,19.295076,12.505289,-14.173015,-10.747252,8.302520,-3.683316,27.555162,-17.301760,33.586253
54.000000,-10.816357,-9.052395,-17.411056,-7.953193,5.026343,-1.255133,-12.910118,-9.627795,-8.090329,13.562654,6.915509,-7.461014,-6.151179,17.961076,1.299885,-33.452263
55.000000,-8.782117,-7.323032,-11.857306,-7.574053,3.629105,-2.670327,-6.737212,-7.658599,-6.574603,8.610675,5.187661,-6.085758,14.631715,-3.120881,16.501341,-10.884307
56.000000,-5.975893,-5.375429,-6.999855,-7.605275,3.345121,-0.876534,-8.029340,-3.609437,-6.158241,6.355232,4.577170,-4.792589,0.856598,12.741413,22.573704,-0.801944
57.000000,15.671674,14.136946,20.633841,11.350989,-7.121582,0.338162,20.256028,17.427496,13.341462,-18.385394,-8.753998,9.167061,21.744339,18.088383,-51.574943,0.199258
58.000000,-2.643174,-4.398558,-6.366904,-4.393773,1.882287,-2.801321,-3.593274,-4.692808,-2.767836,4.594222,5.412686,-5.766674,8.971042,1.670293,11.760755,-4.942831
59.000000,-2.228207,-1.222088,-0.218002,-1.603407,-0.212679,-2.478065,-0.844892,-0.760786,-2.640495,0.933631,3.355861,-2.350749,3.049493,0.502436,1.941380,-3.715938
60.000000,8.405026,5.888084,13.669458,5.933626,-2.498590,0.156223,10.618100,12.154435,8.052913,-8.899750,-5.385232,3.405424,-10.624655,11.218526,-0.002211,28.280964
61.000000,-8.464288,-9.226272,-18.654107,-6.546881,4.357370,-4.321743,-11.601546,-11.146305,-9.185051,9.571096,7.121520,-6.348034,15.799462,-8.289935,29.296474,-3.363553
62.000000,-8.175851,-5.386219,-8.969134,-7.536503,5.216917,-2.865004,-7.971699,-2.473504,-7.930413,8.714572,5.605967,-6.016491,11.393093,4.439248,3.250466,-19.131652
63.000000,-8.215039,-9.916085,-16.274466,-8.980138,5.791673,-2.908817,-11.156562,-6.830309,-11.178047,13.632090,7.699812,-6.712065,16.567222,7.733439,26.313584,-7.153766
64.000000,13.741956,11.869458,16.658832,9.384139,-4.857706,-0.308713,19.495900,17.790783,11.101135,-12.708982,-6.454610,8.637619,-21.199628,-10.969723,-3.554544,40.138513
65.000000,-8.253418,-5.880476,-14.394855,-8.822161,5.021528,-1.998274,-6.249393,-6.103726,-5.648849,7.488400,6.267824,-6.199314,10.823963,-9.954011,25.703505,-1.214035
66.000000,19.348318,15.074385,25.362323,12.128671,-9.719377,-0.340863,22.417840,21.675120,15.134295,-18.785747,-10.885303,9.643178,-26.272932,-19.681539,-9.097869,50.992053
67.000000,-5.424593,-5.188670,-4.038616,-3.893615,4.030801,-1.952080,-7.371202,-3.845032,-2.449940,6.952498,2.373023,-3.423522,-4.278745,-6.776000,10.893524,-3.775735
68.000000,7.646354,9.070143,10.975025,8.125942,-3.679356,1.159156,15.190287,13.900795,9.982873,-10.201570,-4.337947,4.809838,-4.664641,-16.815571,-8.083471,23.859580
69.000000,14.846909,16.229416,24.191755,11.963631,-9.078782,1.083201,26.351188,22.542053,18.083165,-21.862883,-11.425059,11.551467,-26.611660,20.262160,-61.146767,0.078480
70.000000,-2.448045,-3.664838,-3.580059,-3.705730,1.234434,-0.700505,-5.284915,-0.901587,-5.103407,2.930796,2.683876,-2.267576,-3.912680,-2.809806,2.870631,-5.946939
71.000000,1.343829,-1.541250,0.029052,-1.767652,0.309894,-3.049098,-0.142403,3.252647,-1.840517,-0.318625,0.200674,-0.336222,-0.154491,0.055008,-0.026247,0.273938
72.000000,-5.074486,-6.828191,-10.062584,-6.000749,2.532869,-2.965018,-9.129967,-5.838916,-6.261822,5.819522,5.007259,-5.652496,7.066786,-9.211467,9.647751,-11.604092
73.000000,15.020207,13.726735,23.455422,13.269130,-9.316500,1.958945,20.504886,19.293330,15.533368,-16.885980,-10.159949,10.752878,-5.485572,-28.944686,-13.264022,40.661983
74.000000,-5.385731,-5.228415,-10.031049,-6.791975,4.126879,-3.912392,-9.087358,-3.915035,-4.043100,6.733708,4.871256,-6.151482,10.390654,-5.616956,2.827390,-18.793752
75.000000,11.076569,11.897092,15.416134,9.165367,-6.051326,-1.126247,17.164462,13.736089,8.811072,-10.620821,-6.262941,4.921589,-19.996512,-6.220308,-13.463195,24.870240
76.000000,13.287289,13.845568,22.984510,11.061259,-5.289942,0.405660,18.136997,17.111766,14.305828,-15.405664,-9.865644,8.678239,-1.522387,27.796064,-20.703058,30.253553
77.000000,7.469167,7.122571,13.776759,5.541577,-3.368314,-0.127906,9.506362,10.883049,7.262979,-8.192588,-5.338938,5.482955,13.395261,-2.613381,-0.562251,24.419902
78.000000,-10.819935,-12.328447,-17.323373,-11.584725,5.520193,-1.577576,-15.786227,-10.517229,-13.458676,14.235739,8.108590,-8.233079,-16.578740,-15.882223,36.069569,-5.955959
79.000000,10.865856,12.089205,22.285607,10.320842,-8.234756,0.504184,19.360042,15.645797,10.950120,-15.724726,-8.512547,9.570629,25.539031,-2.374284,-1.397909,45.552561
80.000000,-13.433766,-9.773545,-18.403486,-10.808423,6.392911,-2.940894,-13.261851,-10.828547,-12.176958,13.400433,8.533451,-6.829534,-15.761296,15.658715,1.191149,-39.477568
81.000000,1.322001,-0.744003,-3.694281,-2.021799,1.193652,-2.977614,1.584910,1.402075,1.175349,-1.279827,-0.518125,-2.009534,0.049756,0.005211,0.000766,-0.090811
82.000000,9.798548,9.581651,15.851554,9.244287,-5.738945,1.254964,16.891770,15.319029,12.688366,-15.191927,-8.638556,6.984569,-13.102553,-19.661437,-19.355189,23.894282
83.000000,18.040482,17.399987,22.618026,13.933856,-8.660806,-0.280776,22.438600,20.059455,15.070400,-18.145767,-10.373577,12.422847,-12.454248,-30.095385,-0.293962,59.326022
84.000000,14.527027,10.990710,17.195268,11.757491,-6.050255,0.169900,14.309097,13.964529,11.779501,-13.199117,-7.066738,7.289029,22.402407,2.482115,-6.785187,34.473079
85.000000,11.241346,11.759454,17.329599,10.484654,-8.489269,0.778616,15.294110,16.818564,11.676227,-13.923534,-7.685678,8.411174,8.497042,23.530603,-43.172559,2.622167
86.000000,10.838323,8.948941,18.599389,6.653348,-5.845371,0.496298,15.312927,14.015401,10.619195,-10.322416,-6.820546,7.305272,12.500380,14.530563,-8.921807,26.164243
87.000000,14.117310,13.502921,19.153123,12.936955,-7.232850,0.393088,19.376636,16.548257,13.849437,-16.450365,-10.826729,9.324765,5.930831,27.330296,-32.732671,18.459490
88.000000,8.151055,9.216278,11.615561,7.859129,-2.740169,-0.302342,12.955360,10.378418,9.335245,-7.129709,-5.123859,6.149160,1.087681,15.810238,-13.030999,15.977853
89.000000,-8.057969,-7.962583,-15.812895,-5.420825,5.027236,-2.293717,-12.826304,-7.985920,-8.992136,10.125090,4.784819,-5.898082,-11.437500,11.459672,28.371282,-1.265692
90.000000,-7.538842,-4.595608,-11.841150,-6.643170,2.099305,-0.847134,-8.543458,-3.581775,-7.111079,5.479234,2.456771,-3.883257,-8.112630,-7.269926,15.686890,-4.253382
91.000000,13.676604,16.807212,25.582329,15.192484,-8.968508,0.079601,23.745067,19.589459,15.730033,-17.174609,-11.730805,12.080109,11.248114,-30.183693,-26.084293,32.878311
92.000000,2.022966,2.421691,1.514414,-1.948767,-2.111536,-1.168702,1.351670,4.798972,-0.380173,-2.449471,-0.775979,0.353980,-3.023658,0.872333,-1.435545,4.324960
93.000000,12.216622,10.745713,14.728214,7.203044,-7.157830,-0.563318,15.693311,16.426938,10.910459,-12.265749,-5.603932,6.644224,-20.658581,4.734917,-30.710185,8.085638
94.000000,7.134309,6.574733,9.686034,6.300519,-3.969564,-0.104425,10.266705,10.989577,8.046234,-10.479023,-4.883344,4.849301,-1.338382,15.717069,-9.197266,19.676756
95.000000,0.145362,-0.779240,-3.428650,-0.921601,0.762814,-2.696647,-2.483101,0.231878,-3.485909,0.539320,1.120212,-2.047378,2.903959,1.412827,0.780191,-5.131195
96.000000,6.311415,4.495836,7.899925,5.525777,-5.169115,-1.654698,7.744327,7.662788,8.159193,-5.517953,-2.911298,3.743425,-9.006202,8.542523,-10.126918,12.595207
97.000000,13.374846,14.707599,23.036920,11.476124,-10.170884,1.075871,21.540288,18.965702,13.709798,-20.530861,-9.014549,11.456835,28.446913,13.339244,-38.793747,18.718602
98.000000,17.793409,16.289568,24.543395,14.356329,-9.409459,0.414496,20.695164,17.949210,14.775719,-18.842396,-9.127432,11.373932,-1.819962,30.794240,-0.377278,56.089558
99.000000,9.146940,8.202731,13.348449,7.382262,-2.850944,-0.102790,9.621218,11.580263,8.088561,-11.863821,-5.433269,3.839425,15.198868,6.118714,-29.355814,0.635389
100.000000,5.016261,4.532447,10.304639,4.189174,-1.239703,-0.359110,5.860140,6.334543,6.982357,-3.731266,-4.460225,2.287028,9.950068,3.030628,-0.679306,18.360279
101.000000,16.723051,16.056090,25.381377,13.431708,-8.301884,1.631054,20.353763,20.430931,14.601915,-18.915209,-8.849227,8.331373,9.861090,-27.489824,-0.146110,53.313268
102.000000,16.378445,16.271690,27.321325,15.169126,-8.149264,-0.216285,19.606225,18.424672,14.688031,-18.661347,-10.524158,11.823622,11.018960,-30.271990,-25.695721,33.273572
103.000000,8.193351,8.985535,15.690650,6.922591,-5.762908,0.945459,10.260684,12.655833,6.980224,-9.941974,-5.351323,5.210991,-3.109038,-17.127027,-5.959692,25.903477
104.000000,10.182563,11.684638,17.206481,7.721527,-4.139539,-0.462045,15.229626,11.944623,11.814428,-9.875984,-7.017532,8.278792,14.154312,-14.066356,-31.006880,5.520727
105.000000,17.655619,15.552519,25.695553,14.207740,-10.191611,0.014713,21.825803,19.889767,17.637135,-17.577030,-8.608961,9.055188,-32.948506,4.028261,-46.787853,13.973062
106.000000,12.774004,10.156462,18.588934,8.346695,-5.245173,-0.199274,14.500231,12.608063,12.411055,-15.479452,-8.871887,6.703585,20.253500,9.525402,-0.673842,40.295464
107.000000,-3.291942,-2.571300,-6.841391,-4.557430,1.301900,-3.002374,-3.870610,-6.488118,-6.175265,5.291941,2.959764,-4.532511,6.997807,6.256269,17.022690,-0.159556
108.000000,7.977604,6.311020,13.396666,4.902260,-2.627638,-0.529525,9.459272,8.143314,5.246956,-9.001588,-5.387188,6.807543,7.442237,-11.906044,-7.450606,18.250692
109.000000,8.298396,7.948164,12.789550,7.502127,-4.607429,0.729272,15.349673,10.636011,10.654565,-12.198344,-6.742008,4.038063,-9.979308,-14.509115,-17.179734,15.054579
110.000000,7.860527,10.079998,14.945294,6.177810,-3.014728,0.011075,15.779895,12.663599,7.245078,-9.882906,-4.713042,5.095342,-12.870252,-12.166783,-23.060028,9.359455
111.000000,8.361559,9.534610,16.595502,8.870750,-6.440240,0.032764,13.348817,10.080641,7.079085,-10.544127,-5.293424,5.957761,-3.050056,18.498898,-1.912838,32.406345
112.000000,-0.363223,-0.396545,0.649801,0.544694,0.721711,-1.223115,-1.726418,0.080100,-1.840991,3.180872,1.235409,-2.793218,-1.560918,-0.683698,0.001549,-3.117758
113.000000,9.043013,10.678633,17.943926,7.722578,-5.482508,0.162925,14.986902,11.579977,10.160559,-14.918315,-7.920098,8.348504,-2.303823,21.666389,-26.654962,13.228673
114.000000,-7.267512,-8.214227,-14.789043,-7.989914,4.069317,-1.316749,-14.484303,-10.820656,-10.430932,14.001304,5.413791,-8.506370,-12.501727,14.529462,8.924260,-26.161870
115.000000,-6.891335,-5.884633,-11.202683,-5.507099,5.720607,-2.515900,-9.253961,-6.559324,-7.483015,10.337612,6.020458,-4.232521,-8.370708,13.726189,24.623874,-4.805281
116.000000,14.457158,13.157882,26.583035,13.421195,-7.792578,1.551884,19.783193,18.472101,15.659496,-15.274610,-9.847750,8.934858,17.902893,-22.879975,-2.719690,50.459265
117.000000,-3.993932,-6.464301,-13.818299,-7.233672,2.333080,-1.236225,-8.657010,-6.081875,-5.210861,10.469995,4.820466,-6.169253,-9.808275,8.839546,16.296167,-7.873192
118.000000,17.262065,15.936940,24.026186,13.106860,-10.626978,0.764033,19.073600,16.607256,16.314599,-17.444794,-10.112174,11.695128,7.324146,30.112755,-1.805411,54.922615
119.000000,14.623861,12.927564,24.198706,14.198836,-9.325690,1.316634,17.832843,19.125096,14.317048,-18.264461,-9.111134,8.226221,19.992313,-21.014949,-5.028058,48.066206
120.000000,7.943268,8.860817,17.073913,7.725620,-4.404950,0.741909,13.254903,9.382437,9.993307,-8.031525,-5.394003,4.560075,9.943998,-13.815071,-2.026230,29.131837
121.000000,-6.464607,-8.299420,-15.199632,-7.677601,5.186487,-1.707888,-8.067651,-5.832445,-9.431585,9.451014,5.775395,-7.513342,11.836708,-8.809000,24.572037,-2.436568
122.000000,-7.764102,-6.764081,-13.533697,-6.980820,5.168486,-1.504700,-11.440171,-7.675989,-7.952158,8.371567,6.025821,-4.065140,-16.512569,0.953825,24.984872,-5.291569
123.000000,-3.999136,-6.560338,-12.932111,-6.106409,3.725858,-1.661959,-7.099619,-8.671124,-5.737135,6.544801,3.157721,-7.098228,-13.492056,-1.874235,0.970067,-23.964129
124.000000,13.353201,11.233781,16.570178,9.428825,-7.486073,-1.776757,16.366968,14.585867,14.303406,-14.607749,-8.184995,8.008805,-21.724287,10.937231,-11.734305,32.787119
125.000000,-10.702657,-9.919991,-17.202647,-7.478807,5.601716,-1.171026,-13.203536,-7.082698,-8.769033,12.600901,7.150948,-7.534708,7.094798,17.236756,6.127339,-27.992575
126.000000,-11.003122,-10.065421,-17.996846,-11.836702,6.054961,-1.898538,-13.647311,-13.356818,-13.289874,16.328768,7.836303,-7.653687,-6.046556,-22.418053,42.152123,-0.350286
127.000000,-10.234090,-7.583901,-16.742746,-9.182584,4.256090,-1.243983,-13.393497,-7.195925,-8.116721,14.417621,5.806567,-7.418711,-10.631074,15.879732,5.889032,-29.091279
128.000000,-11.525718,-11.850694,-18.685498,-9.233271,7.678012,-2.197676,-11.512688,-11.174128,-10.673245,14.106595,7.436589,-7.929468,10.646784,-17.627938,0.000274,-37.696141
129.000000,-11.178177,-8.234160,-13.873968,-7.751944,6.411725,-1.611966,-11.002879,-8.884849,-8.100845,12.060052,6.297832,-6.803273,8.492947,16.547420,8.145024,-25.901421
130.000000,-7.131446,-8.904651,-14.130190,-7.927809,4.064692,-2.450762,-7.954949,-6.930669,-7.846959,11.519959,4.416119,-4.791059,-12.812808,9.994966,29.452597,-0.293104
131.000000,15.085266,12.075114,23.006972,14.136106,-8.545670,0.698049,16.671395,18.533789,14.217195,-19.019678,-9.937920,9.442688,28.547016,1.577507,-40.375701,11.958984
132.000000,-8.336232,-6.479675,-10.685157,-6.198951,3.905750,-1.974516,-10.470631,-5.640272,-5.600532,9.966334,6.452920,-5.475489,10.558117,-10.218006,25.919416,-0.975767
133.000000,15.029094,15.320654,28.212020,14.411723,-8.309827,0.525807,21.020392,16.655483,15.096656,-17.171829,-10.609731,11.401862,28.914633,-13.322821,-56.858666,1.417393
134.000000,-11.080958,-7.047018,-12.406564,-9.011905,7.128179,-2.025683,-8.843729,-6.346582,-10.241621,14.280537,5.764460,-5.765805,14.492792,11.323459,20.374551,-13.291583
135.000000,-9.756813,-7.414877,-12.971953,-8.821968,5.407623,-4.421747,-12.194642,-6.688901,-7.277646,11.388674,8.068961,-7.638773,17.787020,-2.761298,32.901871,-0.047053
136.000000,11.483271,14.785991,22.107865,11.038756,-6.823275,0.815294,17.843577,17.676786,10.989210,-14.781775,-9.865604,9.954063,24.288816,-8.604673,-0.091332,47.076576
137.000000,8.060627,4.458714,11.946276,4.196973,-4.355556,-2.295896,8.981619,7.751806,8.166551,-7.454995,-3.240108,3.905267,-9.931725,7.348385,-7.718984,14.896090
138.000000,-6.116333,-6.037396,-10.345691,-5.508080,3.054674,-1.707201,-4.361512,-4.816657,-5.543633,6.188861,4.593103,-2.523180,-10.325368,1.702440,1.739332,-17.416312
139.000000,4.999229,6.032007,13.007618,7.014904,-4.862729,-0.957542,8.801453,9.506238,7.603243,-6.531478,-4.544649,5.967147,1.973959,-14.104392,-16.921615,9.147922
140.000000,-8.889879,-8.744458,-9.775043,-6.860981,4.641822,-1.754530,-10.469705,-6.491439,-9.026830,9.017130,4.682794,-6.982205,7.809429,-12.311592,26.680890,-0.006747
141.000000,-7.142305,-6.008926,-8.453013,-5.762305,2.948416,-1.017088,-8.694784,-5.717569,-5.414395,6.371182,4.978738,-4.797214,6.281859,10.865871,15.918262,-7.056284
142.000000,15.246247,16.082759,23.844133,11.076933,-8.813595,0.893988,24.793330,21.636527,17.605436,-20.768328,-9.920704,10.064747,-29.280401,16.018198,-59.393369,1.700088
143.000000,7.753903,7.888696,12.070170,3.674458,-5.918960,0.080829,9.702566,8.116806,7.543044,-6.554140,-4.578029,4.696223,7.143734,10.956140,-20.652931,3.288696
144.000000,-7.162203,-6.528969,-10.118046,-5.860818,4.637589,-1.657902,-8.147389,-4.827746,-8.089756,8.602832,3.597068,-5.747125,-12.406664,4.988871,9.087767,-15.389773
145.000000,-0.551470,-2.638838,-3.313875,-3.334616,2.140007,-0.914424,-6.680309,-2.953397,-4.871664,6.439699,3.447206,-2.796558,-5.422591,4.717644,4.076429,-9.080265
146.000000,3.930088,7.940225,10.477846,5.819306,-4.710061,0.253159,8.997086,6.706002,6.607226,-7.571619,-3.097309,6.446895,13.503525,0.798580,-3.263298,21.497926
147.000000,-4.292508,-7.116613,-10.629904,-5.403799,1.426732,-2.044416,-7.775263,-6.181555,-7.575503,9.348401,3.942633,-4.287735,3.232706,-10.967104,15.963525,-4.965583
148.000000,4.804891,6.521577,12.754579,5.906067,-4.535351,-0.978944,7.953979,10.147953,5.419303,-10.843648,-3.472845,5.189776,8.526897,-11.096638,-5.543359,20.073226
149.000000,0.313333,-3.072921,-4.129443,-4.029977,0.176329,-1.368851,1.135428,2.141663,-2.264109,1.451843,1.619304,-2.591377,2.440098,-1.320526,4.427178,-0.651516
150.000000,18.283462,15.731494,26.934091,15.025785,-10.648624,-0.680183,24.544599,19.502102,15.312516,-17.566758,-10.314475,10.549205,-12.526035,-30.066809,-0.276842,59.345224
151.000000,-10.533239,-7.190511,-12.475102,-5.911503,4.382613,-2.878899,-8.885997,-8.374123,-9.340749,11.422192,4.240826,-4.197258,-7.480776,14.196830,23.326462,-6.047704
152.000000,17.205136,14.045513,21.674575,10.760201,-8.412079,1.815305,22.096958,18.861166,13.138335,-17.885958,-10.146856,9.323097,8.822085,-27.859644,-0.389456,53.103049
153.000000,15.720716,14.955002,22.021560,12.632127,-6.328769,0.326905,21.001134,15.265414,14.576463,-14.889266,-10.683546,8.193855,7.035683,27.086965,-34.481689,16.745958
154.000000,-8.387987,-9.700460,-15.976499,-6.836956,5.392735,-2.134727,-14.214591,-10.516898,-11.021127,13.593335,6.410898,-7.533965,-19.502843,1.322340,31.651726,-4.129953
155.000000,-5.009035,-5.767305,-11.411725,-4.279523,3.618462,-3.428404,-5.930147,-5.272679,-5.537647,6.168136,4.883414,-6.152958,11.845722,2.738780,1.518823,-20.736629
156.000000,16.954087,16.398783,22.685064,13.253580,-9.350778,1.554549,20.346728,17.243264,15.124714,-20.547835,-9.320801,11.455359,17.522210,25.769699,-12.825195,44.217492
157.000000,-8.066854,-8.338017,-12.371212,-6.085266,4.557818,-2.795935,-11.016684,-6.736780,-8.709707,10.325835,6.458879,-6.206152,-9.663090,12.906169,26.367310,-3.145268
158.000000,13.819142,14.356879,21.077520,8.530203,-7.162151,0.902146,16.462759,15.341160,11.244150,-18.002715,-7.251469,8.267738,25.584814,-1.596885,-1.853309,45.070512
159.000000,-7.185018,-6.948789,-11.615681,-6.937894,4.683567,-1.715111,-9.460147,-7.259317,-10.912276,10.713798,5.495227,-5.299402,-10.374441,-13.475334,2.479875,-28.649918
160.000000,-12.196198,-11.397842,-19.862803,-11.024510,5.467260,-3.650928,-18.188538,-13.024209,-11.400820,12.708293,6.947902,-8.155926,13.089276,-19.669896,19.380074,-23.868813
161.000000,3.319860,4.357880,3.933972,3.256879,-2.747499,-0.122875,6.785894,3.519258,3.789173,-6.531425,-1.966998,3.510561,4.341599,5.609651,-2.141399,10.843156
162.000000,-8.680318,-8.019736,-14.156521,-9.034826,4.543209,-4.209034,-12.372769,-8.313042,-8.572964,12.856875,7.872305,-6.474242,15.644488,-8.561336,28.971601,-3.673055
163.000000,-13.229102,-13.423486,-17.497704,-10.265094,4.654223,-2.703123,-17.983915,-14.398808,-12.744716,16.104981,7.689074,-7.723903,2.040315,-23.298186,36.356131,-6.454134
164.000000,-6.905943,-6.135404,-15.551163,-5.443414,3.641106,-3.151761,-10.881076,-7.295187,-7.165119,10.265870,6.641135,-5.509135,9.641944,12.126594,0.203071,-28.155985
165.000000,-7.035182,-4.016830,-12.478249,-4.783078,3.321147,-2.983569,-9.802268,-6.811986,-5.823252,6.391621,3.957754,-4.238493,7.530412,-8.867721,8.748939,-12.546454
166.000000,12.818303,12.664830,19.368696,10.812491,-4.869507,0.379296,14.991522,15.099478,10.799991,-15.819370,-6.902879,8.708871,-19.057513,-14.241388,-7.680012,35.868901
167.000000,11.564781,9.363660,21.382996,8.153514,-6.678716,0.992219,17.773740,14.247871,11.549030,-10.968890,-8.532412,7.912326,12.988979,-19.052176,-40.492548,1.715933
168.000000,13.832300,16.642165,25.535091,11.856971,-9.648664,1.251698,19.502760,20.176827,14.195541,-21.067541,-9.134358,12.109678,22.530024,21.672967,-22.415359,34.809548
169.000000,11.645128,10.468186,17.938158,10.131563,-7.628902,-1.590144,18.343895,14.305020,12.194603,-13.519005,-8.614446,8.846945,-19.763586,14.307706,-17.646271,27.015746
170.000000,13.262572,11.553271,15.595576,11.101041,-7.964946,0.999886,15.631689,13.921789,11.553285,-12.441276,-8.662935,7.629768,17.273046,-15.090797,-34.808585,7.176686
171.000000,6.748329,7.246546,11.989298,4.305083,-4.895801,-0.570445,9.690263,6.730898,5.324190,-5.741169,-4.343902,3.947088,-1.359067,12.678528,-22.218294,1.122550
172.000000,10.668675,8.796227,15.803905,8.037177,-6.637857,-0.996139,12.638437,12.684253,9.530346,-12.846110,-6.380291,6.748584,-18.377430,-9.849254,-7.742823,30.423515
173.000000,-11.059584,-13.135497,-15.779388,-10.980228,4.710960,-1.931571,-14.179190,-10.011657,-11.247398,16.534521,8.638808,-7.873856,-12.965264,-19.069053,40.512028,-1.697561
174.000000,14.302467,12.885857,16.133265,10.782661,-6.239856,1.148347,16.502246,14.040971,13.128647,-12.364262,-6.455761,8.084317,5.745085,-22.503876,-42.066972,0.447280
175.000000,-9.919328,-9.510080,-16.223695,-11.554090,4.986306,-2.275714,-16.865208,-14.277172,-11.950435,15.555201,8.803987,-9.029313,-5.213825,-22.644498,41.889471,-0.645537
176.000000,1.454032,2.937749,6.672895,1.151784,-2.809490,-0.392662,4.529888,4.592167,1.149990,-6.088271,-3.049487,1.104691,1.743445,6.676294,-0.052192,12.578505
177.000000,-13.868917,-12.785039,-15.591104,-9.891740,5.620590,-1.813024,-14.119905,-14.267195,-13.558734,16.032495,6.433480,-8.118211,-17.382253,-14.959405,34.595415,-7.383320
178.000000,5.721875,7.338963,10.505686,6.138646,-3.298079,0.153300,9.949863,7.364473,6.969078,-7.047948,-3.862499,4.541735,12.999578,3.385857,-6.571242,18.018215
179.000000,-3.159252,-1.105025,-1.826947,-1.219015,0.744576,-1.258592,-5.266069,-0.046229,-2.880910,3.522634,1.801582,-2.142053,0.236199,-5.287688,0.659338,-9.029362
180.000000,-3.770473,-0.673677,-5.039636,-2.988942,1.088539,-2.339738,-1.973633,-0.591653,-0.934877,4.563843,1.895141,-0.870940,-0.964838,3.764009,3.869951,-3.242778
181.000000,15.740790,15.691021,21.816017,13.724250,-9.802428,-1.499488,21.947248,16.847705,15.526793,-19.570441,-9.857246,9.532900,-26.889452,14.083804,-38.585930,16.977624
182.000000,10.169588,11.814034,19.269780,11.509519,-7.348682,0.924270,18.724599,17.393603,11.950504,-14.616582,-7.606427,8.501861,25.096956,4.613909,-7.570060,39.139502
183.000000,-13.372194,-11.172740,-16.758170,-9.947424,5.117939,-2.533846,-16.871157,-12.728796,-12.580988,14.804430,7.308444,-8.578378,0.745154,-23.348884,37.730873,-5.030732
184.000000,-9.852753,-8.045923,-13.201518,-8.405945,4.591382,-1.533362,-11.394313,-6.232199,-8.377719,11.336032,7.609578,-7.448917,7.861058,16.877032,7.196804,-26.883243
185.000000,-2.322014,-3.948484,-5.524930,-1.628337,-0.318764,-0.624157,-1.952257,-1.464193,-4.768279,4.197950,1.502255,-1.179023,-2.811618,-4.115485,0.803134,-8.320413
186.000000,12.616507,12.713531,19.330093,8.415523,-6.982735,0.933849,14.206594,15.174412,12.757990,-13.391853,-7.428059,5.628038,16.779141,-15.661228,-35.721733,6.292393
187.000000,6.782128,7.179092,14.322015,5.142509,-3.703049,-0.058233,12.210988,10.067023,7.448978,-10.622844,-6.208231,4.110763,-1.775007,15.660296,-8.537499,20.312028
188.000000,-8.146831,-12.297458,-17.104293,-11.389412,4.988915,-3.902920,-13.408701,-8.673266,-10.991294,13.416153,8.419288,-9.719059,18.300752,10.986844,37.570883,-1.501702
189.000000,9.165573,7.523804,15.709322,9.221328,-5.111966,0.161411,12.399938,10.767776,8.762658,-7.624449,-6.179321,4.297441,16.517977,0.890167,-24.909518,5.370311
190.000000,-4.161693,-6.829617,-11.362481,-6.212741,2.474054,-2.607409,-6.415259,-6.457289,-4.496878,9.502330,4.990198,-3.846763,5.545006,-10.116597,12.411427,-8.706137
191.000000,-8.559850,-8.945276,-12.227876,-6.816547,3.679571,-1.996074,-7.548908,-6.345586,-9.425544,11.378683,4.091855,-6.714094,11.298648,-9.447048,25.238342,-1.720595
192.000000,8.546828,10.208496,13.170673,10.310920,-5.696338,-1.105100,13.153253,14.374319,9.804186,-10.274221,-7.131213,6.886907,-1.909597,-20.288479,-5.580955,31.720996
193.000000,7.102353,9.962460,14.008247,5.917677,-3.216015,-1.424613,12.788246,10.726660,10.852814,-10.536512,-6.380027,6.695973,-17.639260,-3.485773,-32.733659,0.179207
194.000000,4.356752,7.431839,10.268662,3.683088,-4.101450,0.040577,6.574340,8.049437,5.055454,-8.119376,-3.301252,4.798223,12.185813,5.460839,-9.889616,14.553722
195.000000,-3.023023,-2.864812,-4.167096,-3.633720,1.416040,-0.497447,-1.944953,0.149030,-2.155067,3.082391,1.877324,-0.477227,-3.752305,-3.068323,2.441554,-6.431007
196.000000,-9.186232,-10.306810,-14.372284,-9.366539,8.252503,-2.516697,-13.411656,-8.359280,-9.688372,10.937759,6.093126,-7.642563,-8.838602,-18.069155,21.827846,-14.992506
197.000000,6.898948,3.632823,5.049315,3.323030,-2.768306,-0.786991,8.063854,6.820041,5.398262,-4.199751,-2.798982,3.031998,8.546397,5.680269,-0.079972,18.704289
198.000000,17.250362,13.191939,21.603581,13.881430,-9.290712,-1.355320,21.586996,19.420703,16.086703,-17.836509,-10.344045,10.164975,-26.435291,14.950234,-37.141053,18.450774
199.000000,14.353688,15.459492,20.292632,13.971997,-6.476183,0.631643,17.092429,15.857351,15.436192,-18.036262,-10.470751,10.126298,28.170344,4.577381,-44.112624,8.129145
200.000000,-8.749608,-12.232302,-19.358964,-10.505153,7.302634,-1.807683,-13.480122,-11.019607,-10.240278,13.665312,8.138305,-8.155678,14.369799,-14.901012,1.405594,-36.487326
201.000000,-4.949591,-5.478884,-9.298105,-7.243153,3.077151,-0.387524,-6.049320,-5.643307,-6.573741,11.123078,5.722945,-6.407798,0.065941,12.799718,23.024726,-0.405311
202.000000,-10.519403,-11.185638,-14.979550,-11.175360,7.100590,-2.055583,-10.437408,-8.457188,-9.950131,15.037093,7.328027,-9.068810,15.037065,-14.258540,2.023146,-35.909015
203.000000,-7.782817,-7.124536,-18.069067,-9.988790,5.673401,-3.135061,-9.524246,-7.001890,-10.221841,10.463022,5.881431,-6.610035,16.712218,7.390810,26.783068,-6.666424
204.000000,11.620606,9.274946,15.743404,11.124161,-7.688107,0.572634,16.694278,13.521164,11.910880,-12.808369,-8.161330,5.946031,19.831873,-11.332303,-28.448991,13.361700
205.000000,-0.488644,0.921075,-1.864959,-1.200952,-0.446622,0.022670,-0.031125,-0.626501,-2.126907,3.065327,-0.249618,-1.513454,-0.403156,0.872014,1.697283,-0.061265
206.000000,4.371870,3.140614,8.968691,4.466673,-2.169293,-1.561899,5.218166,6.946918,2.450693,-3.723848,-2.200744,4.473069,0.673118,-8.217170,-5.040186,10.051624
207.000000,-9.029551,-8.369955,-13.001957,-7.743740,5.647863,-1.383982,-14.632757,-8.118187,-9.119050,11.664967,6.065034,-9.279001,-15.236634,11.788193,14.833052,-20.430166
208.000000,-9.213093,-6.768581,-12.260432,-9.192359,4.036794,-1.622566,-11.597274,-6.957876,-11.422420,11.190731,6.374412,-6.269220,-14.650530,-8.249861,10.940467,-19.836680
209.000000,-4.342768,-5.593381,-6.826831,-3.187643,3.011377,-2.392476,-4.995628,-3.204850,-2.827790,5.964102,2.726884,-1.820970,-2.169127,9.655331,8.147229,-9.967250
210.000000,-11.924590,-9.766417,-15.873187,-8.349576,6.569056,-2.448744,-12.669453,-14.283004,-12.384724,11.816305,8.384699,-6.882937,-16.042080,15.383192,0.987775,-39.696474
211.000000,9.719332,11.635486,16.368536,8.179187,-5.684894,-0.560775,17.637676,16.481381,12.366571,-11.540796,-5.425010,7.272509,-21.087412,0.903827,-25.070123,13.565565
212.000000,-10.746772,-10.490282,-17.282485,-8.523523,6.087935,-2.067524,-9.357085,-7.991556,-10.336301,12.629403,5.230591,-7.968016,13.326272,12.745023,17.496070,-16.257703
213.000000,8.828673,7.653322,17.229044,7.587903,-5.330714,0.286292,12.009505,12.652895,7.492701,-9.800385,-5.970609,4.576044,-10.956172,-13.827695,-19.109938,13.183666
214.000000,-10.303967,-8.582965,-14.951124,-10.165847,6.788043,-1.819476,-11.071532,-6.111501,-10.792652,12.413214,6.332859,-7.214843,11.608669,14.406815,13.727542,-20.139822
215.000000,9.338435,10.072071,16.441006,9.506043,-5.302083,-1.350399,15.242484,10.850722,12.714707,-10.457638,-7.976740,7.201011,-7.379490,-19.136024,-0.912193,36.630404
216.000000,-7.895526,-5.992455,-14.128732,-5.621278,6.139057,-1.544200,-10.308632,-7.674069,-5.669144,7.382934,4.524164,-6.045116,2.410286,-14.185899,22.996034,-3.343229
217.000000,-6.613478,-6.500160,-10.823397,-6.406505,3.630377,-1.532733,-8.998925,-4.560856,-4.687057,5.406143,3.725017,-3.038707,-10.536319,-1.089814,5.124361,-14.265138
218.000000,13.723408,14.264035,26.624537,11.770652,-8.705202,-1.275432,21.793485,18.329005,14.116853,-20.488404,-9.891910,8.648845,-28.748317,9.496293,-45.269197,10.150926
219.000000,15.213550,15.117764,20.736210,11.747993,-10.389996,-1.027624,21.863614,18.831099,15.745709,-16.659520,-9.573518,9.731745,-23.067662,19.898873,-27.797863,27.966923
220.000000,3.080870,2.593865,0.685181,-0.671969,0.798817,-0.695745,4.458834,5.287266,1.114984,-1.112431,-0.573930,1.393980,-2.541808,2.186603,-0.129408,6.008056
221.000000,15.819991,14.984404,24.515741,13.229403,-8.949333,0.415532,24.251795,20.087113,15.010878,-18.249298,-10.007909,9.426535,-32.537411,6.767915,-50.403464,10.430663
222.000000,6.273651,3.066513,8.287058,3.908605,-3.361815,-0.691117,6.667295,8.515142,3.364035,-3.408888,-2.801167,3.611861,10.448270,1.009602,-2.447604,16.766908
223.000000,-10.285523,-9.217212,-18.826552,-9.823156,6.566741,-2.744826,-16.441843,-13.885373,-12.655228,12.073995,6.239653,-5.914505,-18.714025,12.157206,0.003171,-40.846344
224.000000,-4.108356,-5.944797,-9.161662,-5.228514,2.897695,-3.003217,-3.651327,-3.745878,-6.203041,8.241935,3.633252,-4.717839,2.935411,9.184018,15.337632,-2.311425
225.000000,-7.955396,-7.878956,-15.644413,-9.269802,5.691519,-1.206905,-12.270802,-8.854898,-8.043204,12.672674,6.531898,-8.651966,8.510920,16.537590,8.172877,-25.872602
226.000000,-7.152897,-8.182325,-11.934004,-6.746333,3.832544,-0.928029,-5.450774,-7.034914,-5.437501,9.519485,3.871336,-3.910900,3.473568,12.183724,20.140764,-3.050064
227.000000,16.711468,16.823439,29.326468,11.533134,-9.334444,1.226579,19.110806,17.361362,14.750718,-18.314790,-10.700901,12.064691,31.158483,-5.940243,-57.874063,0.188406
228.000000,12.799148,12.743388,19.897343,9.563431,-9.137846,1.045709,18.658522,16.198450,11.078144,-16.397034,-8.050139,8.307269,8.758363,23.440246,-42.971520,2.832904
229.000000,-10.957157,-9.528089,-16.475986,-9.424779,7.574421,-1.911825,-10.248348,-9.057909,-8.872741,12.998720,6.407953,-7.766498,12.103675,-16.710776,0.187922,-37.581785
230.000000,-2.168244,-3.291170,-4.664592,-1.399001,0.044870,-1.491034,-1.777927,-4.316114,-3.690579,5.861271,1.316805,-1.665944,1.386418,-5.214989,1.890336,-7.987222
231.000000,14.816576,12.138000,19.457934,12.366020,-7.447136,0.501544,17.639136,18.649129,14.265524,-18.363800,-8.527577,9.780788,25.056822,13.331488,-51.236984,0.717047
232.000000,15.722367,15.093799,24.051463,13.454165,-8.785414,1.125161,21.557238,19.439211,16.124003,-17.046006,-10.401424,12.466444,29.180826,11.719507,-41.451465,16.110532
233.000000,18.153219,14.970654,28.265748,14.507174,-9.606215,1.364019,21.730508,20.203107,15.996591,-21.741036,-10.850470,10.697915,-25.474956,21.714760,-61.263947,0.009676
234.000000,-6.124949,-4.631501,-5.857687,-4.758347,2.794793,-1.644196,-3.936392,-5.005918,-5.801693,9.006562,2.962295,-3.670512,-8.697416,5.469008,0.034952,-18.771481
235.000000,-9.278191,-9.306513,-15.397007,-7.943676,8.425326,-2.013939,-10.598125,-9.178789,-8.475787,11.525822,6.063652,-7.331698,4.696925,-19.897438,2.780713,-34.642316
236.000000,-7.948692,-8.527529,-17.109578,-8.473773,3.699149,-2.994089,-13.181194,-9.969307,-11.047567,12.050268,7.530538,-5.616986,9.345877,-14.901060,15.965171,-16.232010
237.000000,-1.054291,-0.127648,-0.199799,-0.399956,1.562121,-2.248748,-2.249203,-2.488715,-3.366855,1.323243,1.120824,-1.852522,-0.825200,3.779422,3.629690,-3.451478
238.000000,-4.036749,-5.272571,-8.031147,-5.174924,2.252340,-1.787900,-6.642069,-5.913196,-7.951443,7.254903,4.907253,-5.810020,1.153504,-11.286235,18.370719,-2.396215
239.000000,-10.578825,-8.506760,-12.856784,-6.744251,4.663669,-1.383926,-12.568903,-9.971259,-10.069148,11.443304,7.579199,-9.059269,-9.749060,16.406000,4.700823,-30.232299
240.000000,-5.178934,-6.468753,-11.925353,-6.837356,2.839013,-1.361170,-5.945423,-5.150778,-7.536754,8.819106,4.552932,-2.935582,-4.161159,-10.303659,20.211987,-0.128729
241.000000,-12.175225,-12.167413,-14.119757,-10.949831,7.548669,-1.903852,-10.283160,-11.124130,-11.665845,15.431240,6.754055,-8.542052,14.276629,-14.986263,1.329747,-36.557821
242.000000,-3.946737,-5.180904,-7.688844,-6.727006,1.718735,-1.859236,-10.377867,-7.713149,-5.728358,7.685394,3.647672,-5.904312,1.904126,-11.216341,17.595413,-3.229713
243.000000,-8.378174,-9.100441,-12.482420,-6.334059,3.072248,-2.777564,-10.777485,-7.606153,-8.426005,9.184472,6.684142,-5.730026,7.547841,-15.826488,12.695946,-19.400164
244.000000,11.621412,9.153283,15.733850,7.591429,-5.631323,-0.353635,12.778942,9.713055,8.227799,-12.065208,-4.806219,5.052082,-7.045889,17.258290,-6.062047,28.060382
245.000000,-10.364267,-8.040041,-14.502229,-7.837211,5.553005,-4.493161,-13.114481,-9.338606,-10.829239,10.652232,5.672514,-7.352458,18.045071,-0.648094,32.909439,-0.143139
246.000000,-8.342234,-8.645548,-15.133860,-6.003565,4.743522,-1.462310,-7.419289,-6.807372,-5.729822,8.698330,6.335230,-4.655055,9.773288,-10.924829,26.391379,-0.440665
247.000000,15.366065,14.602677,25.598795,13.567320,-7.073671,1.561980,22.051180,17.845569,16.457040,-19.487176,-9.172626,8.677783,-13.505890,-26.336112,-26.276774,27.900710
248.000000,8.307971,8.752935,10.683216,7.531504,-4.317088,-1.945964,12.235967,10.269282,7.231333,-11.650896,-6.325930,4.999625,-17.984287,-1.380439,-32.986888,0.029965
249.000000,-10.116554,-8.898991,-17.615055,-9.997692,5.965344,-3.650985,-15.336656,-11.507425,-9.259141,15.343013,6.475453,-7.939021,3.331259,21.509213,28.172797,-11.668958
250.000000,-10.978474,-8.708023,-13.412513,-8.458188,4.391139,-1.308228,-11.276117,-9.218631,-10.959510,11.109108,5.826555,-6.698342,5.311025,17.918317,3.974208,-30.235501
251.000000,10.578937,10.019022,14.109368,9.724060,-5.661429,0.657489,15.327125,14.709484,9.570185,-11.062111,-7.159511,7.254569,-11.558265,18.209680,-37.758823,1.721446
252.000000,3.121806,5.702749,8.343301,4.911576,-1.098066,-0.675857,6.464107,8.044737,5.592141,-7.898866,-3.044271,3.342562,-0.816733,9.715562,-12.679273,5.167671
253.000000,-13.420765,-8.164956,-20.854249,-8.257200,6.055699,-3.123902,-11.814469,-11.647323,-11.809440,13.644915,6.717111,-7.993274,-9.597379,19.857500,8.248180,-32.123515
254.000000,-12.116542,-11.471939,-16.751635,-11.569454,5.416774,-1.895082,-14.364891,-12.290739,-11.430699,15.468008,6.429185,-7.169239,-18.327491,-13.731115,32.560938,-9.358447
255.000000,-2.880347,-5.716098,-4.918024,-4.513686,4.577234,-1.215596,-2.239127,-3.258234,-5.789307,4.831760,3.820565,-3.671038,3.209063,-7.838730,0.632784,-14.871757
256.000000,-8.822924,-11.339569,-17.285518,-8.391757,7.456494,-2.277221,-11.956408,-11.391306,-9.945397,11.078542,6.997798,-7.794084,-15.851245,-12.016325,33.590508,-2.819821
257.000000,10.521417,10.579075,14.436745,9.880147,-5.649694,-1.251069,16.457887,13.239874,8.979491,-9.979912,-5.631916,6.641967,-1.276774,-20.323170,-6.321828,30.952826
258.000000,-5.436163,-6.324698,-9.641025,-6.990600,6.083870,-2.027061,-9.206803,-7.033316,-8.959396,10.392400,5.122650,-6.096294,-3.067194,-13.869058,15.133558,-10.867001
259.000000,-2.598876,-4.644408,-9.762551,-3.145145,0.502779,-2.745528,-3.592389,-4.794254,-5.176598,6.140504,3.894322,-3.776293,7.267849,5.904568,16.816570,-0.324220
260.000000,-6.307303,-6.919586,-14.801167,-8.499881,3.638063,-3.592802,-7.729115,-9.445774,-8.886245,8.189968,6.130152,-6.562474,12.679099,8.649899,0.889291,-27.206179
261.000000,-0.567375,2.394182,-0.600111,-0.003051,-1.085111,-1.380265,4.056226,2.569703,2.171720,1.209678,-2.065293,1.905702,0.904704,-1.827096,-1.156699,2.575328
262.000000,-11.569531,-9.055820,-14.702262,-10.630939,5.852755,-3.285014,-13.963997,-10.721448,-11.415649,14.344440,8.170232,-7.403575,-7.035675,20.839806,12.031866,-28.230469
263.000000,11.785682,10.090833,21.305596,8.767437,-7.068252,1.444824,16.163713,14.174710,10.357325,-15.324850,-6.556567,6.957591,-2.818765,-23.232990,-35.457655,7.381908
264.000000,8.893891,7.651234,8.448080,6.510529,-4.766967,-1.432963,10.667834,8.829583,9.610053,-10.866722,-4.810591,5.763305,-3.272635,-14.041974,-23.920606,2.471903
265.000000,14.008220,16.411566,20.715506,12.530236,-8.773324,-1.091275,22.452488,16.495082,16.429768,-19.689806,-8.857018,10.183887,-25.462264,16.608763,-34.215789,21.431577
266.000000,14.113695,13.741618,18.028980,9.989529,-8.589718,0.921828,17.897589,16.024715,13.420111,-17.109197,-8.071932,9.038406,15.381518,19.919360,-34.908797,11.158873
267.000000,16.845032,16.112314,21.244579,11.548869,-11.183458,0.700304,22.344690,20.074065,14.318384,-17.828603,-10.232213,11.581187,-2.472479,30.738517,-0.567809,55.880396
268.000000,-11.566583,-8.663484,-18.824957,-9.302505,7.673711,-2.175118,-11.625253,-12.546568,-12.098646,14.246103,5.378850,-7.261062,-5.344684,-19.485088,15.877401,-21.107253
269.000000,-4.926929,-5.280315,-7.271004,-6.990218,1.182632,-0.971312,-4.981769,-5.279726,-5.216204,5.629797,3.931639,-5.376731,-6.065542,-9.196528,18.887864,-1.278007
270.000000,-8.196785,-6.037761,-11.977699,-5.846120,4.526277,-1.402723,-10.054577,-7.217685,-9.023696,10.353371,3.417110,-6.873972,5.213807,-13.514169,25.580368,-0.934331
271.000000,-4.508571,-3.739419,-6.153241,-4.392889,3.794376,-1.449461,-6.823591,-4.767593,-6.243375,7.944174,3.688034,-3.113999,0.176125,-8.292190,3.824367,-11.357808
272.000000,5.524771,7.057683,10.634961,4.329343,-3.117730,0.337278,7.159276,9.785670,6.452518,-7.226869,-2.729422,3.236955,5.808244,-9.377229,-19.146196,1.044682
273.000000,-5.831319,-5.654776,-8.809535,-3.973103,3.403886,-1.249810,-3.872176,-4.293323,-5.624918,4.519143,1.529857,-3.224448,0.713429,-8.294389,3.114835,-12.124002
274.000000,16.158358,14.584124,22.256232,14.357793,-8.930803,-0.212372,20.622588,19.171178,15.052104,-18.818491,-9.218846,11.140861,-19.054038,23.884228,-18.932628,36.995070
275.000000,6.812505,8.272897,14.900439,6.146494,-2.500853,-0.605707,8.838715,10.946031,7.727420,-10.517386,-5.949087,4.921035,6.407848,14.673984,-21.685054,7.624840
276.000000,-10.018856,-8.915345,-11.785330,-5.986117,4.803927,-1.850994,-12.494025,-9.345283,-9.760036,7.898035,4.363525,-4.222591,-15.347092,5.768493,29.187946,-0.823611
277.000000,-8.898969,-9.379059,-16.944119,-12.029374,6.558212,-1.983069,-11.615578,-10.734357,-9.274154,14.430524,7.362293,-7.358480,16.121375,-13.078871,3.336749,-34.663206
278.000000,-10.054035,-9.875808,-21.169373,-11.689764,6.479160,-3.612091,-14.337817,-12.860039,-11.234067,15.239863,8.092016,-9.636446,15.947021,-17.531440,13.868913,-29.512444
279.000000,13.464427,14.024169,19.618880,9.324880,-7.674120,0.861388,17.082778,15.986356,12.269752,-17.571876,-7.593734,9.774028,25.036227,-5.869837,-0.130460,46.940760
280.000000,-5.037174,-4.527583,-9.471171,-3.729663,4.099342,-1.970103,-6.822730,-4.862584,-6.793293,4.327397,2.871748,-4.323358,-6.870105,7.466979,1.381937,-17.191346
281.000000,18.898443,17.730267,24.742186,12.082109,-9.418415,-0.744227,20.596669,19.507138,18.278835,-18.399009,-8.774950,10.963310,-28.819346,-15.858216,-14.992189,45.220500
282.000000,-7.622663,-9.864678,-15.358265,-8.078598,2.923065,-1.460177,-10.292735,-9.112725,-9.256733,9.406537,6.633390,-5.897076,-8.293372,-14.928794,0.748377,-30.512200
283.000000,16.059136,15.963680,24.470935,13.010945,-7.646321,-1.399892,24.381442,20.599439,15.042494,-17.921133,-9.314501,8.773479,-29.149593,8.096306,-46.979111,8.398783
284.000000,-5.997486,-8.194222,-11.844611,-8.267555,2.026195,-2.973921,-10.376524,-4.566280,-8.343839,8.419342,5.323234,-6.278152,14.816906,3.227909,6.758234,-21.000078
285.000000,13.924754,13.542450,22.512901,12.697764,-7.166604,0.622493,21.951256,17.063120,14.683774,-15.824737,-8.988767,10.132411,-2.979224,27.652477,-18.399091,32.511352
286.000000,6.858965,6.506193,9.767388,3.734073,-3.880635,-0.157707,9.551903,6.948073,6.304866,-5.879212,-4.421078,6.482232,13.460592,-2.151278,-0.805033,24.147109
287.000000,7.523141,7.546306,13.441256,6.661709,-2.922600,-0.648016,12.799468,11.633249,7.494332,-10.620279,-6.444257,5.800711,10.559687,12.227649,-27.447902,2.125800
288.000000,-2.866358,-3.005473,-5.416802,-3.783763,2.063615,-1.160914,-1.859754,-2.922089,-4.376959,4.067328,2.575440,-1.272195,-3.661462,2.179529,7.776965,-0.022857
289.000000,7.597367,7.759038,13.273069,6.321030,-2.489402,0.386329,13.499168,11.537370,6.482572,-9.352258,-5.268308,3.549245,-6.428878,14.225989,-2.524021,26.052069
290.000000,12.539753,11.052219,17.122989,7.709122,-3.603621,0.013066,15.423206,13.004541,10.391069,-12.907093,-7.049992,6.714967,7.229448,20.778072,-11.736322,28.534124
291.000000,16.554016,14.925434,21.692434,13.009413,-5.553097,0.399964,18.202579,15.274748,12.573545,-18.017944,-8.500703,9.179137,15.106896,23.736023,-45.959436,5.542601
292.000000,9.152095,7.045877,14.693429,6.925212,-5.258581,0.759287,15.029951,11.399608,9.760007,-7.662298,-4.833436,4.822709,-8.039774,-15.599012,-13.562690,18.560525
293.000000,14.232256,11.152399,16.258516,9.863487,-6.926261,-0.592798,18.766291,12.940871,12.400771,-13.936388,-6.883309,7.098635,-14.173952,20.053134,-30.516879,14.433769
294.000000,-2.639113,-5.578772,-6.287908,-3.320639,1.487682,-3.142375,-5.674472,-6.283563,-4.579745,5.962807,3.411586,-4.878808,4.032668,8.691835,16.375244,-1.164077
295.000000,-12.371469,-11.987846,-14.765554,-10.192433,5.719006,-2.535844,-15.593996,-11.434182,-12.556025,15.845357,6.156552,-7.486233,-21.255955,7.181048,2.106973,-38.962216
296.000000,-7.147499,-10.617766,-17.635645,-7.378656,5.586325,-3.656751,-7.872403,-9.290113,-8.199866,11.160446,5.605515,-6.487252,17.969044,2.482662,31.653539,-1.551031
297.000000,17.085930,12.890037,24.299189,13.790340,-8.970616,-0.991172,21.482637,18.862242,15.073271,-20.550087,-8.993405,8.970323,-25.738410,16.161949,-35.024412,20.607791
298.000000,14.927623,16.869222,28.197417,15.307485,-9.995542,-0.315637,22.281517,19.610961,18.385856,-19.391135,-9.920927,12.621792,-8.048152,-31.490205,-2.234289,57.260948
299.000000,-1.542790,-2.037844,-0.435953,-2.749820,0.918495,-1.540009,0.620203,2.955145,-2.923882,2.033726,3.280828,-3.463146,2.838147,-0.630974,3.577243,-1.744790
300.000000,11.087135,13.048715,17.864556,11.014260,-7.198858,1.235865,17.219409,13.427819,12.884175,-14.802559,-6.929378,7.641227,7.772608,-21.839665,-42.412925,0.020622
301.000000,1.087990,0.342317,-6.477548,-1.787912,0.587118,-2.578436,-0.197220,-1.917972,-2.707884,2.941692,2.821317,-0.712771,2.709172,1.892350,0.325480,-5.723610
302.000000,-4.019226,-4.043457,-5.095354,-3.147125,0.725466,-0.477673,-4.025913,-0.995364,-3.491760,3.385533,1.838361,-4.271710,-3.588910,6.050010,1.198489,-11.677909
303.000000,12.648881,12.322333,18.327475,7.071147,-4.294600,0.186296,14.008930,12.313898,10.167355,-13.673505,-6.766407,6.821228,-3.150938,21.540440,-27.909592,11.939540
304.000000,-9.028717,-10.217298,-14.904062,-7.083112,4.026186,-1.256019,-14.113545,-10.880636,-8.978346,12.859149,6.471925,-9.063644,-14.591954,12.539626,13.258581,-21.959514
305.000000,3.766065,4.417572,6.505969,3.077243,-2.812052,-0.017553,9.667970,7.631881,5.402034,-7.994627,-3.527173,3.129025,-8.100274,-8.392849,-7.612933,13.738305
306.000000,13.416647,10.076792,14.567054,9.710920,-8.020353,-1.398476,14.272755,12.932428,9.918758,-9.777101,-6.989764,5.015348,-18.603817,-9.438502,-8.361463,29.824605
307.000000,-10.430545,-11.079201,-14.658237,-7.022339,5.162447,-1.254440,-10.746800,-7.229392,-9.048174,13.072159,6.103042,-6.808003,-5.318378,18.202224,0.822411,-33.889646
308.000000,-11.771553,-10.383913,-15.895441,-9.056983,6.687915,-2.031806,-13.317161,-8.658848,-8.584187,11.505177,5.700550,-6.735681,10.498660,-17.711949,0.003733,-37.685426
309.000000,13.738220,16.446116,23.061409,13.914879,-9.947893,0.850739,22.620056,17.122419,16.643607,-21.156893,-11.113705,9.696462,1.734620,30.854478,-0.020980,56.546947
310.000000,-11.066841,-9.808827,-16.740641,-8.714739,3.164205,-1.150621,-8.859277,-10.503877,-8.472097,8.303895,6.172501,-5.635685,-12.922568,-10.896771,6.448021,-24.493849
311.000000,11.076194,8.052865,12.863174,6.018585,-3.893561,0.283274,11.157481,12.159572,10.437172,-8.876133,-4.900774,6.098577,15.257462,-6.967639,-13.133536,17.569486
312.000000,-11.546288,-8.125084,-19.640676,-10.154044,7.998159,-1.834499,-13.832213,-12.312059,-10.664880,11.715013,6.646423,-6.575498,4.650070,-19.907288,2.821025,-34.599949
313.000000,14.217456,13.203178,21.243473,11.356430,-8.809684,1.915217,22.269691,20.983508,15.999766,-17.839049,-10.297299,10.186978,-2.022321,-29.333486,-8.748118,45.073924
314.000000,-10.512944,-9.964399,-18.163641,-9.254621,7.176419,-2.171207,-12.441479,-8.310443,-8.530622,13.553782,6.591904,-9.126149,8.289167,-18.784803,0.493333,-37.090958
315.000000,10.119518,13.773249,22.815469,9.442370,-6.512961,0.564001,16.950647,17.621624,13.269010,-16.102826,-9.721419,8.920162,25.491753,-2.929933,-1.110090,45.859454
316.000000,17.519025,15.960586,27.153295,11.728364,-9.568029,1.062038,22.541732,20.624792,16.180901,-19.278682,-10.427824,10.200383,-23.521231,23.875716,-60.866265,0.483703
317.000000,12.396720,13.228326,19.165881,8.228444,-6.673229,1.237985,15.075016,17.598492,10.214610,-15.669141,-8.298175,6.111348,-7.208496,-22.361835,-29.464859,13.542413
318.000000,10.191069,12.298259,16.569463,7.978929,-4.859789,-0.342374,16.476412,10.519969,9.473541,-9.922957,-6.376876,8.555746,7.339490,-18.770565,-19.229018,17.663471
319.000000,15.657084,13.049776,23.898351,11.349022,-5.438888,0.894015,22.160526,15.519285,13.859536,-18.354123,-9.242183,10.069131,-13.114645,24.315573,-4.562163,46.008386
320.000000,-9.230149,-8.219858,-12.034066,-6.129613,4.064501,-1.960704,-12.604283,-10.506044,-8.593783,9.185305,5.845303,-4.684488,-15.103027,6.333808,29.447772,-0.530820
321.000000,10.467206,14.469443,23.396343,9.553822,-7.032784,0.294735,20.463650,16.587528,13.667158,-15.463915,-7.510321,9.501948,17.004129,-19.690274,-10.890210,36.732287
322.000000,-1.222313,-3.571589,-5.782704,-4.068588,1.909791,-3.473445,-2.955782,-2.609787,-2.506987,3.191204,1.783372,-2.556136,5.381777,-2.253481,9.651455,-1.028573
323.000000,-6.236648,-7.850480,-14.877503,-7.675378,2.147641,-3.144412,-9.533109,-8.781949,-5.779566,7.631963,6.577889,-7.711224,14.456418,4.739401,4.760534,-23.087552
324.000000,7.858637,6.838213,16.730873,6.703495,-3.198598,0.149131,12.655521,13.435617,7.102608,-8.881291,-4.858816,6.567118,-11.143032,-13.685780,-19.486461,12.818808
325.000000,11.205212,12.038872,15.718846,8.271075,-5.333062,0.615279,16.991330,15.812113,11.004250,-12.066596,-7.376650,7.985002,-8.966688,19.688757,-35.402991,4.198571
326.000000,10.805406,8.680767,17.791839,7.311095,-5.759197,0.333025,17.096176,12.931959,12.088659,-14.032551,-6.826736,8.043108,-12.309652,17.685591,-38.273231,1.169751
327.000000,8.555102,10.297844,14.288577,7.807788,-4.743471,0.857801,12.088994,13.121023,7.072264,-9.142054,-5.974558,4.756896,-0.449211,-17.327441,-2.997041,28.731284
328.000000,-6.087291,-6.034585,-11.598185,-5.594097,5.577608,-1.976790,-7.360835,-8.632008,-7.062610,9.951033,3.443435,-4.974352,3.283763,-14.039763,23.931836,-2.461363
329.000000,8.805476,9.402046,17.003444,10.386028,-6.206618,-0.845597,14.325062,14.093711,9.541858,-10.392932,-7.784717,7.615066,8.554625,-18.213706,-21.331887,15.502360
330.000000,-10.969245,-10.421320,-12.736489,-7.851250,5.265795,-3.907459,-9.247369,-9.625933,-8.543220,13.554212,7.773286,-6.869089,18.080053,0.390344,32.657269,-0.445758
331.000000,13.881060,15.375291,29.022732,12.696565,-8.659939,0.361515,24.748433,20.858899,15.100431,-19.034567,-10.101658,11.068673,13.118469,-29.385904,-29.317317,29.589859
332.000000,15.963789,15.148473,24.474374,12.928501,-7.570287,-1.431665,21.845184,19.950398,14.995659,-18.928383,-9.206875,9.059828,-29.862587,4.463555,-50.675706,4.594641
333.000000,15.358698,14.345155,28.087176,14.158228,-7.549367,0.872704,23.383108,16.715654,16.907135,-19.443836,-10.237047,12.046801,25.742863,-18.894866,-52.194735,6.258071
334.000000,6.238333,6.269137,11.826161,5.625427,-4.803031,0.268005,9.200288,7.965986,6.979568,-10.374620,-4.918377,5.300574,12.519275,4.728018,-8.656051,15.840117
335.000000,11.345224,12.526805,19.983653,8.647065,-7.455158,1.472830,16.104390,13.197788,13.484066,-13.830364,-8.410874,8.391277,2.061567,-23.211637,-40.158961,2.496907
336.000000,4.265473,8.267690,10.402846,3.288722,-4.052815,0.039650,7.696356,7.837569,7.582077,-5.994371,-2.945168,4.589202,9.505427,9.142020,-16.913537,7.227374
337.000000,13.199044,11.794803,21.924819,11.085373,-8.932233,-0.750578,17.472489,17.557652,12.466934,-18.183179,-7.086619,9.549591,-23.589918,-12.868223,-38.162642,11.025236
338.000000,6.815335,6.670548,13.687858,5.785761,-4.158946,0.436587,11.313247,8.204706,3.772936,-8.641276,-4.939211,4.645609,9.365980,9.274887,-17.186093,6.942006
339.000000,-12.969396,-10.746377,-22.547625,-11.590019,6.571370,-4.433646,-17.201990,-14.321913,-11.566279,14.842394,8.570526,-10.442014,19.857534,-13.152187,6.105893,-37.492839
340.000000,8.008476,9.987618,17.426126,8.552206,-4.955199,0.334461,12.294563,14.079838,10.572273,-9.544597,-7.193925,6.340768,18.791170,5.036892,-26.909489,8.701772
341.000000,11.813281,11.294085,21.071611,11.976967,-6.831428,-0.929936,16.868245,15.528622,12.514480,-13.440695,-7.061967,8.551666,-16.062288,18.512007,-26.700904,18.162535
342.000000,-1.888877,-3.891941,-4.590878,-3.702695,1.734928,-0.605561,-3.938856,-0.934976,-4.230105,4.714374,0.806584,-1.884003,-4.425921,-1.508637,4.962010,-3.597308
343.000000,13.816164,11.080466,19.131010,10.736062,-9.638201,-0.813099,19.437106,16.616140,13.493264,-15.531313,-6.801112,7.590993,-26.452931,-5.472524,-26.353448,23.093650
344.000000,11.844742,11.760808,17.981733,8.152240,-6.890800,-1.084448,11.920416,10.867880,10.242163,-11.320722,-5.436480,6.582347,-7.022514,-19.260482,-1.108033,36.418388
345.000000,-8.415428,-7.003413,-11.538212,-7.746193,3.673014,-3.314257,-10.303302,-6.875052,-8.787796,10.649424,6.026602,-7.448848,14.664376,3.953019,5.773980,-22.027163
346.000000,13.474259,16.069847,26.529552,12.520708,-8.512979,1.379361,23.398794,20.645602,17.140162,-19.945984,-10.134239,11.793710,31.584418,1.272653,-54.104680,3.757124
347.000000,-9.268067,-11.342394,-15.741298,-11.048633,4.620015,-2.777472,-10.167071,-7.485189,-10.894457,15.509910,7.558606,-8.123923,20.645181,-3.834183,17.393171,-21.043780
348.000000,10.496171,9.639407,14.732307,7.626883,-6.635844,-0.560099,12.787926,15.775467,11.550412,-10.026943,-6.042420,6.115880,-21.050102,-0.844140,-22.292936,16.269987
349.000000,10.335809,7.954351,16.452639,6.336749,-7.212305,0.214503,13.592262,11.724683,9.346251,-12.640821,-5.340522,7.333834,0.368109,18.832769,-0.208180,34.271558
350.000000,-8.322563,-8.220718,-17.300426,-9.411543,4.769788,-1.174297,-14.762784,-6.808194,-7.610130,14.003225,7.634075,-7.617812,-3.365058,18.610983,0.133110,-34.486456
351.000000,8.483064,5.272898,8.809659,4.403359,-4.444982,-1.515186,13.483436,10.255883,9.002454,-6.622399,-2.946949,2.999336,-14.966695,-1.274562,-13.566880,13.928634
352.000000,-5.770836,-6.117825,-9.594473,-5.034178,3.681131,-3.780137,-4.562370,-4.219044,-6.222790,7.292892,3.460528,-5.767585,11.688818,-2.480138,0.306104,-21.566466
353.000000,3.119444,3.471418,3.917301,3.493868,-2.715387,-1.268464,6.687861,5.598591,5.316784,-5.859212,-2.706940,3.631787,2.625351,-7.690383,-8.146323,6.728511
354.000000,-2.680201,-4.542996,-10.463553,-3.776604,3.579449,-1.144217,-6.900612,-1.414788,-5.539527,4.001065,2.327505,-2.523939,3.482259,-7.739250,0.462287,-15.072302
355.000000,-1.722162,-0.074444,-2.780584,0.430056,2.450759,-1.253979,-4.022205,-2.447331,-1.349860,-0.902420,1.174194,-2.109557,-1.522557,-0.875581,0.017297,-3.197711
356.000000,-5.228080,-7.243941,-11.535172,-6.949947,3.880604,-0.837423,-8.511813,-3.525448,-6.094769,8.797092,4.366202,-4.725941,-4.196783,12.262151,23.106733,-0.617216
357.000000,-8.564824,-10.345766,-17.304467,-6.535068,3.827309,-1.497986,-15.138170,-9.443210,-9.106529,10.901747,5.349864,-6.695731,-12.740626,14.330830,9.365965,-25.734383
358.000000,8.743009,8.473247,14.813212,6.997925,-4.389189,-2.068781,12.462208,12.400414,7.597183,-12.284851,-6.402518,5.839966,-17.617468,4.547987,-30.028596,3.277197
359.000000,15.848747,15.648476,26.047245,11.968104,-10.768665,-0.307106,22.586719,20.113571,17.884187,-18.566018,-9.985758,9.314280,-29.280366,-15.020476,-16.346288,43.891904
360.000000,5.978506,4.109331,3.493071,3.067554,-4.225742,-1.692949,7.741543,5.071639,4.939065,-5.979750,-1.748047,0.950439,-8.590233,-2.359680,-5.180944,11.125835
361.000000,-9.955722,-12.609606,-21.229747,-11.385151,6.310911,-4.361317,-16.128699,-10.907302,-12.344483,17.075664,9.078277,-9.004899,22.941137,-6.907014,0.701671,-43.153797
362.000000,-5.451538,-5.349755,-13.609041,-4.532267,3.985026,-1.208941,-4.761749,-6.106488,-5.660219,9.814733,3.474411,-5.822501,8.370947,9.214095,11.639888,-11.147465
363.000000,-9.716977,-13.501160,-22.965501,-10.472806,6.863476,-4.091484,-16.611505,-12.211543,-11.945381,16.475235,7.419373,-10.047063,17.363407,-16.187747,11.055906,-32.397691
364.000000,-8.288458,-8.218244,-13.249607,-6.509313,5.912359,-2.361558,-7.014331,-6.156579,-6.767427,9.003966,5.461281,-5.035015,-6.494890,-12.490973,9.142337,-16.628434
365.000000,-5.456515,-5.855405,-8.582845,-2.661733,2.996545,-3.152697,-6.848372,-4.464717,-3.631057,4.328706,2.155804,-4.702498,3.498118,8.952268,15.906152,-1.687486
366.000000,9.806168,10.047627,19.101417,9.398808,-7.729581,-1.097364,13.283547,15.311700,11.781931,-12.262072,-5.346700,6.141840,-20.861844,-2.624200,-19.389362,19.098921
367.000000,10.768962,11.534286,18.575814,10.723626,-6.845294,1.067271,15.950572,14.476694,13.270183,-15.473176,-6.409552,7.716419,-13.141201,-19.636747,-19.282714,23.968460
368.000000,17.425662,15.345202,21.796414,14.160308,-8.347848,0.802946,17.943011,17.724030,15.535095,-18.345810,-8.455497,10.292140,28.056873,-6.137298,-28.887031,23.685091
369.000000,17.942184,18.005390,27.852135,13.827405,-8.458099,1.082951,23.999814,19.345996,15.769307,-18.841175,-9.696502,10.183143,-23.139218,24.256794,-60.714921,0.649172
370.000000,-5.649870,-7.650998,-10.407383,-7.864047,3.790306,-1.673732,-8.493233,-8.143588,-9.447557,10.790796,6.266211,-5.551301,12.342252,-8.135250,23.787661,-3.270978
371.000000,-7.340672,-8.193791,-12.798534,-7.956738,3.729739,-1.783654,-12.728793,-7.766854,-8.517158,9.200766,4.545181,-6.587530,-15.885685,4.243204,28.213921,-1.884093
372.000000,12.578362,10.722478,16.821008,10.781475,-6.082831,0.553875,15.507661,15.624064,10.283007,-14.438209,-7.211304,8.149817,22.291401,-4.188189,-16.309252,25.208836
373.000000,-10.074385,-8.871584,-16.814698,-7.378444,5.934024,-0.995780,-12.573116,-10.634372,-11.060923,10.663376,6.673631,-8.859283,-7.222551,17.588616,2.080747,-32.723784
374.000000,15.585239,12.541832,18.053351,10.033418,-8.866778,-0.795199,19.155720,16.280361,13.030518,-16.124906,-8.265968,9.256534,-25.553248,-8.580989,-31.407030,17.934779
375.000000,17.436164,13.810900,25.131017,14.508247,-9.292018,-0.789446,20.168659,17.908161,15.686790,-20.081206,-9.128533,10.511249,-23.691062,19.127596,-29.375441,26.360771
376.000000,-7.620035,-5.780213,-5.971687,-4.442347,4.227524,-2.653808,-8.506821,-4.780604,-7.024854,4.433509,2.987780,-4.213208,-3.895020,9.190942,5.441496,-12.830823
377.000000,15.699761,12.985288,19.492237,11.847364,-7.692067,-0.569828,18.036227,16.199090,15.303238,-16.206372,-8.353454,8.889874,-11.149950,-24.112274,-48.410058,0.217673
378.000000,12.522848,11.718999,15.291957,9.087140,-4.944889,-1.689603,18.594400,14.352608,10.495609,-11.991186,-7.291199,7.831296,-24.039421,2.233732,-1.940769,42.252653
379.000000,-7.082195,-9.525595,-14.526372,-9.277639,5.539109,-1.022235,-10.989138,-9.622521,-9.324217,10.368516,5.521013,-8.428614,-10.129887,16.186651,5.195675,-29.757644
380.000000,-6.917556,-11.189008,-16.407405,-8.950256,4.599790,-1.278539,-12.456435,-11.156489,-8.308916,14.122623,7.658036,-6.791763,-6.676144,17.787533,1.658778,-33.118912
381.000000,-7.495755,-6.691160,-12.531639,-8.857220,5.208722,-3.632354,-13.605515,-8.516899,-10.066551,10.890437,6.826568,-6.106183,14.467807,-10.329196,26.465913,-6.074049
382.000000,13.783253,13.041752,24.849725,11.514889,-9.144037,1.987429,19.665243,18.409775,13.294760,-15.812120,-10.451853,10.277753,8.055964,-28.104474,-0.639994,52.876656
383.000000,-7.353474,-9.708380,-15.155394,-7.434663,7.572748,-2.237329,-15.083355,-9.835294,-10.743674,14.605814,5.065141,-6.631578,-17.341480,-9.602364,35.402688,-0.882193
384.000000,17.764466,16.133479,22.108462,11.773395,-9.210512,-0.682761,18.484386,18.637106,15.972820,-16.839024,-10.746614,8.973494,-22.605801,20.438715,-26.667086,29.118159
385.000000,-8.888194,-8.702653,-11.615998,-8.319303,3.670049,-1.625544,-7.998584,-6.860035,-7.885385,8.515341,6.424910,-4.897160,-16.532969,0.695629,24.676569,-5.613605
386.000000,-10.037024,-13.011640,-18.658500,-10.442928,7.750230,-4.511067,-13.205852,-10.854660,-11.000216,16.558647,9.027863,-8.264347,22.509737,-8.128488,1.317512,-42.490484
387.000000,10.351002,8.655885,11.930972,5.527022,-3.941542,-0.521699,12.132597,11.265955,6.237571,-11.517774,-5.697555,6.076670,6.602081,14.594519,-21.987399,7.333989
388.000000,-9.553728,-10.531995,-16.511007,-7.392374,4.612370,-4.090956,-13.685002,-9.348394,-7.599825,12.432209,6.378572,-7.004397,14.634776,-10.104522,26.823581,-5.730192
389.000000,-8.079797,-6.964240,-14.655583,-6.775421,6.978284,-4.217897,-12.601113,-7.989837,-10.380802,10.350043,7.716036,-8.442335,18.047280,-0.612186,32.903492,-0.150834
390.000000,15.655185,13.220290,22.537166,12.209750,-5.762355,0.598564,17.890445,18.471185,14.492283,-19.068388,-9.392450,7.866312,0.572379,27.867923,-24.071705,26.950946
391.000000,-7.379136,-7.330282,-9.894461,-5.423160,3.988028,-0.707885,-9.357480,-6.211099,-6.735603,6.390733,3.976235,-5.219801,0.114235,12.797569,23.000989,-0.425737
392.000000,-1.414234,0.316790,-2.963765,-1.030847,1.718259,-1.582429,-2.963951,-3.065350,-1.716164,4.324348,2.055963,-0.252985,-3.484997,2.396810,7.646171,-0.096143
393.000000,5.944147,3.856790,11.285998,3.627255,-3.126087,-0.218364,8.695772,4.683269,6.804992,-6.118561,-4.755143,2.991540,10.503315,-1.512783,-5.745416,13.679167
394.000000,-12.572279,-9.836731,-20.625667,-11.604002,5.648507,-1.759290,-16.052465,-10.382041,-10.804723,11.877945,8.960145,-9.133540,-19.488623,-11.941013,29.502977,-12.334550
395.000000,16.526169,16.456336,28.440054,13.189308,-10.614153,-0.616572,21.865280,21.590865,16.081330,-21.217379,-10.099000,10.886797,-26.283508,-19.667836,-9.117881,50.972504
396.000000,17.081542,16.910257,23.435578,11.129235,-11.008130,1.447626,22.564640,18.160775,13.325449,-18.231965,-9.510026,10.440398,20.538118,23.513910,-18.222008,38.926693
397.000000,-4.518979,-3.783559,-8.248767,-6.377892,3.187215,-1.167904,-5.994930,-3.833781,-4.502878,5.556306,3.335550,-3.939075,5.214984,-6.833871,0.011998,-15.723582
398.000000,13.310584,9.730718,16.282433,11.796055,-6.530872,0.617918,12.965237,15.132554,12.861673,-15.135169,-7.111359,7.724356,19.566538,-11.806603,-29.270641,12.560921
399.000000,-9.527374,-10.020151,-13.760486,-9.182288,3.982509,-1.525371,-11.972369,-9.987043,-7.864708,10.815354,6.857937,-6.975246,-15.271959,11.744679,14.923030,-20.342740
400.000000,-6.825019,-8.160714,-8.963097,-4.480045,4.316272,-0.916520,-6.509224,-4.825085,-4.726270,9.410806,5.809149,-4.067860,4.067607,11.973281,19.387958,-3.759201
401.000000,13.187408,9.838826,19.402978,10.047139,-5.696460,0.628101,15.343580,15.141039,12.476999,-11.721290,-7.551956,8.134997,21.721195,-6.717439,-20.485082,21.133234
402.000000,-9.004475,-8.720944,-17.139712,-9.151373,6.237327,-3.577860,-12.026689,-8.080569,-11.159650,13.626059,5.643029,-7.266388,17.718595,4.080752,30.450598,-2.832137
403.000000,-10.164134,-8.429332,-19.800635,-8.237366,6.757176,-2.450571,-12.671068,-12.318871,-12.429502,13.116630,8.326385,-8.171373,-15.810126,15.611497,1.154713,-39.516686
404.000000,13.608713,14.609310,23.736734,11.964917,-8.417853,1.711088,18.922672,17.798106,13.549665,-19.026780,-8.322980,8.197150,14.774810,-25.087548,-0.671960,52.622590
405.000000,-8.000039,-8.347053,-18.232698,-8.565191,4.981492,-1.340308,-14.227149,-11.648756,-9.065045,15.038510,7.883419,-7.489014,-12.233898,14.744521,8.444256,-26.626148
406.000000,-5.872960,-7.112238,-12.243291,-4.951601,4.225435,-3.395524,-12.597280,-7.592889,-9.628892,11.993304,4.853562,-6.587579,4.212468,15.108038,5.111883,-23.598060
407.000000,-10.802329,-9.550895,-15.935722,-8.514626,3.905049,-3.377316,-11.653377,-11.362800,-11.060731,15.207086,8.241626,-8.589872,20.057824,7.009760,33.628676,-5.264472
408.000000,15.792855,16.891394,27.492396,11.092835,-10.404277,1.038514,20.856860,20.624264,15.586675,-16.882227,-10.420515,10.612868,13.546922,27.986044,-7.274439,49.639830
409.000000,-5.234381,-6.676219,-11.643823,-7.231512,2.920039,-1.348235,-11.883648,-8.235304,-6.281435,11.402677,4.650023,-5.550847,-10.709649,7.807487,14.232521,-10.027722
410.000000,-5.945476,-4.968152,-10.847322,-5.535286,2.980600,-0.930521,-8.723632,-6.766980,-7.031984,10.420983,5.349002,-5.644527,4.523266,11.788718,18.759935,-4.353103
411.000000,13.125015,16.917942,23.078858,14.105782,-8.497925,1.341972,19.945138,18.072411,13.467147,-21.214529,-11.085775,12.133769,30.078216,9.307851,-45.074320,12.559456
412.000000,-9.586721,-12.478248,-18.386272,-9.858296,5.516836,-3.251362,-10.660829,-10.729351,-9.589453,15.592545,7.850382,-8.684184,20.852505,3.648479,29.189688,-9.560417
413.000000,11.671527,13.064901,18.870217,8.357440,-6.877959,1.644208,13.957426,13.760826,11.626537,-13.808769,-6.775728,7.722868,-2.494814,-23.263303,-35.837981,6.989382
414.000000,-11.457058,-8.945046,-19.605753,-11.649949,7.338647,-2.149645,-15.346449,-13.283618,-10.105058,12.437869,7.349610,-6.188222,-21.644123,6.008278,3.070080,-38.047395
415.000000,-0.800941,-4.656038,-4.814661,-2.024735,0.201313,-2.766435,-4.859892,-2.109947,-1.803886,2.488347,1.437020,-3.577774,3.448796,-4.399683,5.349628,-4.883340
416.000000,13.388700,16.226649,23.229118,12.296401,-6.480293,0.110075,23.820951,20.242911,15.289679,-19.002170,-8.458667,10.632229,-26.014833,-14.691740,-50.250288,4.438692
417.000000,-3.732340,-8.407122,-13.691584,-5.672677,2.689398,-0.931369,-9.537836,-4.296735,-7.425032,7.356985,3.369171,-6.017673,-7.042523,11.016350,20.775165,-3.158565
418.000000,14.257923,14.967310,24.207210,13.673312,-8.517800,0.600600,18.108812,19.016560,13.630509,-17.673639,-9.357820,10.146860,27.726060,-7.585828,-26.528430,26.089072
419.000000,11.271876,11.843290,18.649595,9.375503,-6.962367,0.774576,19.236072,15.661063,11.335710,-12.336385,-7.594764,8.274660,-12.200655,-20.208457,-21.027032,22.183248
420.000000,11.703121,11.184154,18.330095,7.356011,-6.597406,-1.146786,13.034161,11.241929,11.647712,-12.755764,-6.969334,7.619803,-5.012403,-19.828126,-2.515755,34.921133
421.000000,-3.109171,-3.035322,-3.158129,-3.296219,1.508398,-1.794727,-6.081349,-4.392905,-4.973946,3.802846,2.606543,-3.759239,-7.515387,-1.158176,13.268454,-0.650767
422.000000,13.869579,13.304361,23.906769,10.589711,-6.549833,0.299238,15.378884,13.450320,11.801041,-18.029872,-9.820411,9.191089,17.767907,-18.977543,-9.506455,38.080794
423.000000,-10.107364,-11.692337,-17.688284,-9.091035,6.009065,-3.455400,-13.582575,-11.775639,-13.275573,16.932541,8.681073,-9.257154,14.951693,-18.353958,15.819821,-27.513700
424.000000,-9.051516,-7.856196,-14.368120,-8.831156,2.982608,-2.161978,-11.402261,-10.823708,-9.330788,12.185543,6.505501,-6.181564,1.994469,-17.261143,4.611011,-27.195523
425.000000,15.049404,13.113683,21.328482,11.173163,-6.763329,0.073334,16.984060,18.615678,16.131148,-14.955409,-10.348963,8.276637,15.076278,23.754758,-45.922653,5.578264
426.000000,0.435948,0.668438,-2.435435,-1.830571,-0.863301,-1.462908,1.812458,0.149412,0.659203,-1.836389,-1.283480,0.207757,-0.166426,0.600931,-0.943572,0.197830
427.000000,12.702798,12.762546,19.182990,11.152810,-6.957936,1.068734,15.787753,16.690699,12.347082,-13.943843,-9.301167,10.460936,25.545646,1.323378,-4.094349,42.729347
428.000000,10.072292,8.584804,15.368998,6.684979,-5.581460,0.350737,11.709944,13.376452,7.705712,-12.870092,-5.498086,7.841241,19.519961,1.126507,-31.859147,3.931353
429.000000,-5.179512,-3.328669,-7.636572,-5.305181,4.977288,-1.414545,-4.626526,-2.607173,-5.302683,6.555254,1.385531,-4.028892,0.780294,-8.292228,3.030171,-12.215705
430.000000,5.733301,8.383735,13.444830,4.426331,-3.767217,-0.520472,8.482150,8.845628,7.138596,-9.892920,-5.273110,4.461089,10.636645,-8.933292,-2.126411,23.299711
431.000000,5.978129,6.766577,9.592393,7.230882,-3.873945,-1.464735,10.050677,10.099589,7.418222,-9.813549,-3.819198,3.916078,0.325865,-14.293876,-19.437914,6.733649
432.000000,-10.188368,-9.630837,-16.204173,-9.198048,6.555005,-2.456095,-11.663163,-8.869494,-10.941580,13.283142,7.187114,-8.927774,17.866350,-10.704041,6.489841,-31.634563
433.000000,-12.971167,-9.979802,-20.431054,-11.308712,6.309180,-3.431203,-16.405933,-12.803611,-11.453730,16.950841,6.889573,-8.236837,11.577061,-20.555419,22.159800,-21.023946
434.000000,-5.688891,-4.057751,-8.813944,-4.920888,4.950272,-1.336185,-7.423020,-3.206215,-4.740571,6.224332,2.766117,-4.891410,-1.057372,-8.153779,5.622610,-9.427756
435.000000,-9.348128,-11.098902,-20.749114,-11.961669,4.330067,-3.063331,-10.286520,-7.628166,-10.623931,12.212354,7.299889,-9.332338,21.079813,-0.228151,23.282003,-15.306596
436.000000,-14.186211,-9.935792,-16.568936,-11.418994,5.480141,-2.430669,-13.740592,-11.682953,-12.334968,14.729289,7.947810,-6.268769,-21.674514,5.906341,3.160807,-37.960823
437.000000,-6.329243,-3.611125,-8.397406,-4.707662,0.668874,-1.518415,-6.466361,-6.680022,-5.883650,6.489826,2.656924,-4.105779,-3.830218,-10.447768,20.315878,-0.053299
438.000000,7.418790,4.426871,8.319972,4.783892,-4.500790,-0.389587,5.980579,10.363862,6.467539,-9.277033,-4.018669,5.243165,1.854455,12.737383,-23.561430,0.000006
439.000000,-8.048055,-8.288594,-12.477880,-4.934177,5.744518,-2.030322,-6.668023,-8.585970,-8.441170,11.574085,5.405361,-5.534831,-0.541587,-14.280077,19.122519,-7.035779
440.000000,-4.475002,-6.118686,-9.743068,-3.745070,2.424491,-1.860843,-6.516671,-6.101925,-5.728748,5.498731,2.108258,-2.096249,-8.006045,6.354656,0.360639,-18.349633
441.000000,11.821821,8.169568,15.988856,7.932300,-6.042152,-0.669035,10.994363,11.694239,10.539784,-9.995713,-4.971631,4.808184,-5.543715,17.841113,-4.228595,29.969604
442.000000,-8.063988,-11.274158,-16.921038,-6.884792,4.845819,-1.587621,-14.388629,-9.443830,-10.184810,12.257258,6.025796,-8.782165,-14.590606,12.541118,13.255418,-21.962585
443.000000,15.273197,14.661107,26.076357,12.256466,-9.264536,1.703797,22.823646,20.250309,14.842976,-18.165733,-10.129511,9.566494,-2.097856,-29.329418,-8.838325,44.985975
444.000000,11.507989,9.700273,19.380519,10.669119,-7.310716,0.974962,16.557565,16.009846,11.197817,-15.547625,-8.096498,6.027722,17.576369,-14.720833,-34.205904,7.761062
445.000000,16.676978,14.073972,28.074521,13.906029,-9.631477,0.399041,21.831365,22.328512,17.611524,-20.086703,-11.155365,10.817477,-31.399228,11.084185,-55.311745,5.640217
446.000000,18.009715,15.815554,25.114258,11.258654,-9.221157,1.048690,22.727473,21.300874,18.417470,-19.311508,-11.880964,11.845012,-26.249376,20.743270,-61.216523,0.024522
447.000000,11.299935,12.236896,16.189461,10.642141,-4.677651,-0.255657,15.835252,15.390350,9.389729,-13.051698,-8.566589,6.513208,13.313865,17.700197,-3.498466,37.044087
448.000000,12.740599,13.930171,20.325849,9.558624,-7.318965,0.691743,16.397183,14.110354,13.884703,-17.082502,-9.592928,9.094479,25.133853,4.428950,-7.349169,39.366877
449.000000,16.682710,14.627486,29.081665,14.191415,-10.747005,-0.007335,22.581084,22.158862,18.488262,-19.596353,-10.550790,10.867717,-33.127872,-0.378603,-40.346260,20.297863
