# Lorenzo Albani, Tommaso Maitino, Riccardo Roselli
# iCavalli
# ML-CUP25 v1
# 23 Jan 2026
1,-5.179305,-7.101271,12.256323,-1.336793
2,-7.132260,-9.586829,-34.586855,22.937380
3,-4.726657,-2.033701,-6.279946,8.265043
4,-9.209740,-9.634233,-23.423536,13.046097
5,10.512665,-20.911959,-9.300860,38.035257
6,5.373789,2.821944,6.474835,-6.930693
7,0.683055,20.054026,-36.704797,24.695000
8,1.726602,2.142303,8.988093,-9.122783
9,7.358712,-5.492533,22.220922,-16.966666
10,-1.100174,-4.175811,8.062291,-2.361327
11,-10.441261,16.356113,13.215770,-21.284233
12,-0.248107,-15.735811,17.116281,-19.622986
13,0.962306,-5.856829,13.693927,-12.933679
14,5.612917,5.083018,10.195375,-1.789313
15,-0.205666,-5.706219,-9.179887,6.717623
16,-13.425644,2.313348,16.039219,-20.196789
17,-20.877953,3.734856,-28.968818,11.729702
18,1.064080,7.892556,10.062557,-5.745849
19,7.981382,14.515681,-10.359965,16.202934
20,-11.594344,2.630769,17.258530,-17.720281
21,10.718961,19.753013,-26.294920,23.736215
22,-4.452584,1.406425,10.260064,-5.149591
23,11.512529,-6.764706,10.990499,-17.568925
24,-7.609597,-0.839055,-25.239518,11.326681
25,-16.872370,-5.469768,22.656761,-16.350889
26,7.874253,-10.968906,-33.314847,23.277831
27,12.319972,-0.868505,15.879181,-12.234194
28,-8.820893,6.456571,2.903354,-7.385803
29,-10.528531,9.461513,14.024763,-23.760249
30,-28.392015,8.845329,-34.000153,17.486069
31,-13.075000,-14.075981,26.326435,-10.737129
32,5.393190,-3.554889,-31.678541,26.532419
33,-4.537925,-3.558896,-10.693323,8.147789
34,-5.950534,3.257371,-27.207828,28.088090
35,3.068604,-10.946843,-16.508362,44.773981
36,18.523890,-4.454132,18.241823,-18.122795
37,5.783698,-7.860248,9.016502,-4.400645
38,3.762958,-15.525944,-24.909495,32.298872
39,17.260664,0.680842,-32.187279,20.881325
40,15.455890,13.191056,-24.324063,20.711120
41,-19.347032,6.823653,-22.919643,22.585174
42,13.994410,0.981749,19.611975,-17.603767
43,10.664947,3.489778,17.144605,-23.463126
44,-20.658177,1.095743,-23.449115,27.594458
45,11.450453,15.581022,-18.844388,21.710468
46,7.169669,16.141317,-39.768601,23.056294
47,7.631059,-0.202447,13.910056,-14.698334
48,20.187794,2.309331,-31.968252,24.491586
49,0.409763,11.210047,9.235833,-25.372728
50,-11.964022,-0.220897,-24.639996,13.523267
51,0.395832,-16.909746,-9.705979,36.129802
52,-32.934008,-5.186775,-24.728120,36.983640
53,-4.066340,-16.105633,29.277009,-13.349602
54,-9.664803,13.406574,-33.726807,16.616694
55,-0.373298,-2.378690,7.868515,-8.528183
56,-10.464066,6.695863,-28.877208,19.479000
57,25.417465,-0.036946,-27.629809,29.233614
58,4.944827,2.582894,16.231575,-19.407420
59,3.975866,-29.441281,-18.666089,33.475227
60,-10.531510,15.144402,-31.791429,14.675522
61,-19.566958,6.366747,-24.722722,10.037536
62,-6.882427,8.381073,13.563467,-21.134088
63,19.629643,-4.451145,17.933331,-21.867957
64,0.054359,3.848825,15.256555,-25.999894
65,-15.639632,2.483597,21.097789,-15.910530
66,2.084674,5.024969,16.693781,-24.658509
67,-25.941517,4.158518,-30.143462,22.093019
68,14.632782,-2.316370,18.180129,-18.314932
69,-23.729964,8.456743,-30.931220,13.529273
70,-3.926439,7.754292,13.010454,-21.201155
71,-10.695107,-3.202570,19.562790,-14.009925
72,-2.756130,-0.774352,2.931930,-3.016719
73,-3.565286,-4.904564,-6.987144,14.945122
74,18.268268,-4.311910,20.367873,-22.963643
75,23.108043,13.180367,-29.343391,25.377798
76,4.294235,7.777451,-4.437130,13.416103
77,0.503388,1.356440,19.647674,-14.125088
78,-4.962176,-5.721946,-15.158483,22.942043
79,-4.155286,-8.210455,-6.893971,20.397034
80,5.011012,3.156734,16.246150,-21.358283
81,18.977933,-2.940169,18.390444,-19.823357
82,2.764521,-14.552398,-29.937056,23.600076
83,-7.953553,-9.600895,25.356029,-8.360358
84,-14.590659,-0.658046,-15.942346,23.542614
85,5.409428,6.057242,15.114578,-12.771370
86,2.390544,-3.312474,10.979431,-11.719873
87,-3.618390,-6.426029,-8.432274,18.512775
88,0.350970,28.954266,-25.835386,32.111105
89,5.650691,5.478441,13.507225,-9.664312
90,-26.340235,2.430880,-32.552711,20.176131
91,13.489748,-12.638272,11.424060,-27.037222
92,-3.866326,-6.452638,-6.043382,17.472900
93,-9.692785,-3.739004,13.560250,-13.738442
94,-23.200821,-5.265858,-27.275304,24.160293
95,-10.653087,12.326224,12.293805,-19.333307
96,-7.800495,4.263793,8.362874,-7.498225
97,-2.981007,-6.165418,13.545157,-5.141871
98,6.516238,2.238119,8.789861,-1.977846
99,-0.478525,3.429531,2.327184,2.356304
100,12.931215,-10.789067,25.350319,-18.332343
101,-2.581117,-1.469416,5.844761,-4.910819
102,3.253226,7.615508,-13.383939,16.703910
103,6.005935,2.000615,-13.439039,7.255295
104,6.342613,-0.891506,9.333897,-3.785240
105,6.538666,-14.198904,26.494411,-16.007177
106,14.153820,-8.948086,-12.717740,34.603530
107,18.726348,-5.680393,-18.948403,30.514063
108,11.652503,3.732767,-19.032699,21.887723
109,22.651667,-11.626367,-24.579713,21.497702
110,19.558300,11.365415,-24.924996,25.440906
111,2.289310,5.919398,-8.083477,19.121190
112,20.635913,4.046399,-23.426466,20.816167
113,-29.463315,-4.244150,-21.524914,40.997316
114,29.664050,-6.594466,-20.961951,30.394026
115,18.340583,-3.629506,18.024568,-20.728168
116,5.032641,-13.135736,12.936983,-8.700004
117,-3.547487,-19.506542,-13.537571,16.877164
118,-23.063646,-9.143004,-23.260028,37.238233
119,2.584953,-13.107054,-37.998666,23.245570
120,-2.450369,23.038108,-41.423798,13.005756
121,9.136956,-32.041530,-17.777728,35.602556
122,12.499324,8.510107,-31.253581,19.281166
123,-1.838393,6.365085,5.551325,-4.585359
124,-12.550956,13.038463,13.764448,-25.153196
125,-16.622654,-2.020519,-19.239554,34.348623
126,-5.356026,0.141009,15.357432,-23.062671
127,3.393298,10.552676,-19.651375,16.104714
128,-30.908037,-1.594844,-32.339941,20.052309
129,-4.074230,2.818811,10.359234,-10.753226
130,-0.096536,2.746851,18.575160,-21.510834
131,-1.103033,-5.577232,5.399554,2.148086
132,-10.407688,18.763905,12.923958,-19.776915
133,-8.863984,-3.847479,12.755857,-10.056197
134,3.631043,12.272967,-14.079238,13.312082
135,-0.809122,1.124061,3.758013,-3.868260
136,-8.035831,3.927300,8.110502,-6.275342
137,5.611015,-11.611781,11.902614,-8.054286
138,-20.980883,6.292502,-28.929890,14.350353
139,-16.990999,4.273952,-20.934141,13.582115
140,19.299233,2.199249,-17.183359,21.662783
141,-5.169572,-9.397096,-16.026730,19.997206
142,-4.493771,-0.282440,-30.846076,19.199900
143,1.349280,-3.442592,9.334786,-7.173126
144,8.180149,4.222164,17.344490,-15.800557
145,-9.978265,13.791074,12.404190,-21.196127
146,-0.844947,2.429355,8.413958,-4.689538
147,0.242039,-23.788865,-15.975817,27.575333
148,5.345067,13.086916,-18.239899,20.415293
149,6.919390,18.241414,-14.777631,14.408455
150,8.987711,14.813942,-33.076303,16.498891
151,23.235927,13.092516,-24.305660,26.706373
152,7.705564,21.577522,-29.522871,28.017021
153,-20.653725,4.361231,-28.991044,14.699860
154,1.363686,4.164044,-2.710877,3.086031
155,11.870628,-21.545540,-22.774136,29.424441
156,0.121613,9.213976,10.678337,-26.126849
157,-26.392657,-21.028709,-39.755708,16.479274
158,9.738116,6.068155,-13.683954,7.025667
159,-0.735855,-11.594735,-11.518348,9.252231
160,-7.122086,-11.325351,24.726362,-15.666072
161,-10.315706,-4.528495,17.035408,-13.558230
162,9.217156,8.379705,-10.139394,16.120487
163,4.505210,-0.989808,4.122047,0.075087
164,-14.079466,-10.822181,-32.837659,19.170853
165,-11.010177,-1.888147,13.569419,-11.046567
166,-1.757076,-1.914051,9.880728,-25.996187
167,16.640250,-5.730419,18.275507,-19.575531
168,2.443744,-27.051954,-15.965844,33.254458
169,15.925872,-3.524336,17.130554,-15.762588
170,1.953065,18.236868,-19.527065,20.177882
171,21.383446,5.418558,-27.460882,29.613024
172,-1.768845,-12.010210,16.472811,-7.239941
173,2.475407,-11.601456,-31.343478,21.882111
174,14.924725,-0.682963,18.201544,-12.766552
175,-24.870284,-2.929707,-20.223958,30.945464
176,17.324504,-4.052987,18.675634,-13.657987
177,6.607508,16.982894,-21.702415,17.312813
178,5.187994,14.490229,-15.706207,5.534101
179,-17.641607,-4.339733,-27.476604,23.360455
180,-9.893737,-1.169739,13.127264,-10.207017
181,-11.260019,-11.780241,-36.540874,7.517174
182,11.047176,-27.271813,-19.405255,33.491093
183,-5.934347,7.499709,9.389187,-12.220597
184,11.644446,6.263283,17.776244,-14.090008
185,7.540908,2.731308,-41.132656,19.767200
186,17.639804,-2.041757,18.755048,-15.667799
187,9.057497,1.211276,12.390476,-6.099298
188,-3.452125,-9.463470,-3.452688,24.096710
189,-9.379813,23.541444,-49.533585,10.979498
190,2.413791,16.987649,-32.112607,26.162123
191,-23.291350,-2.086098,-31.158224,9.687067
192,-14.503721,6.189698,16.421471,-18.119346
193,-14.450147,2.779000,17.180142,-23.242159
194,10.250788,5.056413,14.472440,-8.874441
195,3.754541,6.796605,14.255118,-10.804751
196,9.933984,8.097880,-20.368159,13.579776
197,-2.074271,3.629384,1.015604,1.974837
198,8.578497,-6.039558,9.994976,-7.398016
199,-21.282120,-2.231121,-33.253178,8.184434
200,-1.075523,8.772003,13.808051,-11.833095
201,10.983105,1.035216,-25.080692,25.339768
202,-12.486636,-8.198533,21.744763,-17.958520
203,2.121927,-7.569908,-16.446815,6.318737
204,14.472896,1.109490,21.014560,-16.440704
205,-4.070698,18.036884,8.934841,-21.818745
206,-0.135114,-0.354764,4.784422,-0.523210
207,-3.399770,8.661141,12.371725,-10.472380
208,-2.208492,-1.445708,15.312305,-9.931948
209,-0.547444,7.827623,14.994807,-15.592708
210,4.013411,-1.970670,-9.370713,14.059432
211,21.076417,13.767332,-22.796917,28.227711
212,-30.553661,-19.420698,-32.133623,24.893209
213,1.639726,-15.604951,15.466620,-22.856388
214,-0.997225,-3.008853,-3.429481,11.714388
215,9.229801,-31.654972,-23.595017,35.353978
216,-3.810585,-6.171426,-18.516174,29.557633
217,19.259717,18.738972,-20.408848,24.726078
218,2.156676,0.409138,2.230369,-1.347256
219,-3.240052,0.483613,7.753544,-8.869312
220,18.214224,-2.720515,18.592121,-19.181070
221,-2.371160,-13.189307,17.257400,-24.672643
222,21.216495,-6.624045,20.634442,-19.265276
223,4.003749,-1.652615,20.757952,-21.541079
224,11.859603,0.218630,13.120362,-9.895936
225,8.382378,5.644312,-12.447291,15.071295
226,-13.528885,7.782322,-32.309855,6.970904
227,0.043392,-7.727624,-12.662657,13.221183
228,-9.243286,-0.718077,17.452271,-17.515999
229,4.035184,12.318040,-24.650636,22.590599
230,14.358132,5.382935,-14.707299,22.261948
231,8.976124,4.000062,17.287237,-15.920873
232,1.363485,-36.805542,-16.474893,39.401051
233,17.840453,11.560861,-29.626206,22.342149
234,-6.793743,-5.538430,18.571781,-12.962378
235,3.956707,6.695143,-6.735293,10.449534
236,-1.463374,-5.614879,14.743312,-7.155335
237,5.597508,-2.153170,-15.361061,20.480643
238,-21.290797,6.484296,-22.252446,36.530452
239,4.214824,-27.170010,-18.696068,26.207880
240,0.978549,2.735390,4.339245,-1.746187
241,4.436863,1.518777,3.901207,1.644250
242,20.245898,-5.789552,20.769329,-19.923500
243,-4.560106,22.374883,-40.305456,14.023360
244,10.136604,4.101332,15.770629,-11.812448
245,-7.108011,-1.402470,15.642294,-11.223778
246,-9.485469,-0.134367,12.649729,-26.260004
247,3.714982,-7.178979,11.104759,-3.757011
248,2.189613,1.136643,-2.885392,3.369676
249,14.278738,0.309977,-14.754261,21.744993
250,11.436466,2.201435,20.501675,-16.958521
251,-16.940770,14.463193,-40.394418,12.274417
252,18.315871,-5.512615,-25.057694,28.312933
253,-21.359485,5.311405,-21.772343,25.032445
254,-27.640651,-13.871921,-15.000501,47.226281
255,15.168945,16.764931,-18.649605,21.497069
256,15.431429,-2.709392,-26.082923,16.034226
257,-4.241355,7.570854,5.514364,-5.003246
258,-1.777380,22.005419,-33.348328,27.379424
259,4.221016,13.158838,-24.906781,17.679918
260,-6.458736,11.272639,8.778468,-10.162568
261,9.871699,-1.003158,12.725910,-8.600768
262,1.262336,-3.458532,14.874274,-3.560226
263,-16.900893,-2.705061,-14.551546,27.561733
264,4.992010,5.979981,13.360565,-7.017504
265,10.031618,0.641670,16.528916,-5.630671
266,-4.985044,-11.478278,24.522865,-17.075441
267,-4.180806,22.618214,-33.775943,13.806118
268,10.016896,13.347513,-20.332843,14.576475
269,1.847484,18.314570,7.213977,-24.445066
270,10.620800,16.702099,-12.345073,17.090002
271,2.044635,-14.287602,17.977169,-22.485117
272,-11.388380,-7.139892,21.353375,-12.174212
273,4.209428,-2.306972,-12.073282,44.015484
274,-13.293181,1.603424,-17.120513,17.147171
275,0.058708,-5.670482,9.726168,-3.539165
276,-17.014685,5.425467,-23.173036,11.642158
277,-0.063354,-4.749541,12.872877,-22.369862
278,-29.862864,2.622238,-30.973056,23.563792
279,0.703445,5.181347,-15.248360,21.962686
280,-11.237824,17.633026,-31.982835,11.401343
281,-2.041361,-19.720827,31.768040,-7.655353
282,16.342779,-15.339875,-23.594390,18.103280
283,-30.532891,-5.230770,-26.012749,27.101736
284,15.485770,-1.428255,19.673186,-16.608156
285,0.145404,-0.342916,-1.777211,2.648493
286,8.365442,17.630659,-19.521668,17.987864
287,-3.822309,-7.232085,11.304362,-22.530787
288,16.108683,7.408589,-33.735650,23.349526
289,-6.001298,4.656413,-33.537957,15.359764
290,-25.269124,9.739265,-33.718225,10.284712
291,-3.183484,-14.773212,-13.085595,34.117858
292,-8.313191,10.336774,10.410561,-19.414883
293,-6.901020,-12.442004,18.732008,-3.973738
294,-31.870549,-17.604639,-24.582479,37.493472
295,-7.963532,-15.584735,28.802286,-12.916468
296,-2.291760,-4.540736,-32.030609,18.088073
297,1.859369,-18.752052,16.333491,-18.254114
298,13.267137,-3.114238,16.213670,-19.063544
299,-9.323977,-6.820333,19.837396,-11.906882
300,1.198724,-6.473563,11.777250,-0.933731
301,11.373907,14.616345,-32.853193,20.978014
302,19.261481,-22.518107,-9.886831,35.391985
303,-11.670307,-3.291707,19.081864,-12.413580
304,4.418190,17.773826,-32.839971,19.009668
305,-6.218477,7.406394,8.204346,-6.716612
306,2.236936,-2.498811,-5.427399,8.566174
307,8.695200,-13.313612,11.487492,-12.563501
308,-10.130345,-9.488561,19.529396,-5.838963
309,-20.368703,-13.619126,-32.988228,23.361199
310,-14.413617,3.763262,-16.282331,22.883388
311,9.160782,-24.243519,-18.971788,31.999783
312,7.939930,0.404677,10.374664,-4.213389
313,-10.174483,-2.931900,19.308966,-19.965427
314,-29.096358,13.300034,-56.912603,6.741072
315,-1.707007,-12.618867,-14.963297,16.501795
316,-3.181558,1.568142,0.673351,1.846395
317,-11.001501,-2.974959,-18.195739,21.089962
318,-11.376480,9.748203,15.930354,-21.691390
319,11.494034,-6.772421,-17.810876,23.026408
320,3.875439,-8.775989,10.623504,-13.956469
321,5.478633,4.372069,14.553674,-13.111215
322,5.614596,2.712897,8.478550,-4.308622
323,-10.354251,-5.338186,19.109448,-14.986394
324,-9.124135,1.234008,-15.758663,20.364174
325,10.409840,16.467558,-13.860199,17.106936
326,2.275670,2.160320,6.357210,0.408363
327,-25.600903,0.058562,-20.309843,30.915933
328,0.076816,-22.164663,-21.116218,32.706885
329,3.587062,-4.091397,5.697130,6.268503
330,-4.823770,9.955183,9.173956,-10.311889
331,-13.665793,12.187551,9.369288,-21.434534
332,-8.116640,0.692361,-9.471575,9.767530
333,7.372815,6.902615,16.122579,-18.071306
334,10.977084,3.724058,15.947271,-17.048248
335,-1.166939,5.511623,1.760992,-0.262367
336,-14.449766,3.065155,19.862393,-16.256552
337,2.258625,-7.540954,-20.566684,10.782862
338,20.973877,7.316136,-19.885324,25.890496
339,1.368782,-0.434506,4.348878,0.977373
340,1.240801,-7.384396,13.688158,-18.330691
341,-8.425613,-3.881029,20.372236,-21.364967
342,-6.869016,-1.550198,5.378895,-2.272003
343,7.140044,3.609012,-12.705676,15.064050
344,-4.342994,-19.302632,-11.226750,19.022213
345,-5.851740,-8.243684,-13.365276,27.557685
346,-20.150559,-0.112702,-19.138171,23.282357
347,-1.092434,8.744720,9.922472,-7.828239
348,10.687940,19.409225,-20.244271,26.008496
349,14.176117,5.746728,-14.215596,22.566749
350,-17.772848,15.469146,-34.755451,3.546189
351,8.598443,6.390701,-12.114319,12.764172
352,-23.116267,2.334456,-26.468949,28.237320
353,3.512079,1.925050,10.402707,-3.975009
354,8.187112,-5.733313,10.069771,-15.712566
355,17.493522,-2.442037,17.624530,-17.138549
356,18.951196,8.655138,-17.068098,28.369433
357,4.298194,9.686696,-27.350136,20.187295
358,8.891166,2.413843,20.027661,-16.012292
359,0.945928,0.531428,9.955046,-11.104799
360,-7.194246,-3.001563,14.545849,-8.409880
361,-0.403678,-36.365102,-11.557322,43.731545
362,0.079752,-3.690199,-8.912432,8.953746
363,2.489103,-28.955564,-33.393006,24.636209
364,3.996870,-26.570007,-14.964891,25.406100
365,-23.676594,9.829849,-31.787431,11.571065
366,-4.937612,11.435151,7.470668,-11.968126
367,14.952626,-26.646345,-18.529430,38.918253
368,-8.378635,-3.023199,17.539066,-9.588266
369,-5.521952,7.460049,16.150988,-13.648399
370,7.458516,-3.957601,4.640026,1.873972
371,-2.634747,-21.292173,-22.600883,31.838804
372,5.264035,6.648871,14.040249,-10.875722
373,3.311063,-4.113064,10.869897,-3.142733
374,-8.023410,-1.030823,-13.351684,10.163154
375,13.602802,-6.558207,6.724497,-19.663160
376,-13.452175,-9.857939,25.319326,-12.323488
377,21.210939,-11.708310,-23.094239,16.015721
378,15.858572,-3.172904,21.960955,-16.655512
379,-3.082827,-7.110316,-12.640669,14.290097
380,2.484747,14.015394,-11.710297,16.154589
381,1.912069,-22.537022,-15.004877,25.395987
382,19.547806,-2.206453,19.192058,-17.400425
383,5.101953,-1.371712,9.551231,-6.956421
384,12.182532,-11.097235,10.800979,-27.848781
385,-15.903938,-0.964448,-31.308368,19.947437
386,-1.790662,-1.168995,9.229301,-3.796450
387,-1.378574,2.227939,-5.768299,17.329456
388,-31.176982,-16.680970,-27.038307,37.552102
389,-9.118136,-3.579228,16.359658,-13.815243
390,-3.442845,15.737069,6.767852,-16.724469
391,-8.390557,-3.626981,13.628633,-11.231178
392,-16.713043,-8.344013,-35.227480,27.290375
393,18.350987,-12.881246,-27.048654,22.311757
394,-1.432446,11.742979,-36.710747,14.938066
395,7.497217,15.659494,-36.865332,18.937113
396,17.587501,-7.058011,-17.940798,24.840962
397,18.444087,-14.689730,12.357233,-29.074277
398,10.604481,-3.064256,16.861734,-11.940152
399,6.973212,22.847127,-31.228358,19.773867
400,6.180849,-20.968759,-17.321479,32.075676
401,-21.713398,10.276440,-29.527071,12.546705
402,27.418907,-12.448154,-23.165354,34.041272
403,-7.443674,-5.453637,-26.647426,18.882794
404,-1.427114,-6.472429,17.305322,-5.646874
405,-4.567376,-12.956831,24.562306,-15.938802
406,-12.360878,14.951343,12.142928,-19.510483
407,6.263848,2.758883,8.632490,-5.737161
408,5.170115,0.754270,7.430116,-1.103177
409,-4.470625,-9.643872,22.537855,-11.774599
410,-21.280130,-3.156059,-32.352418,20.609891
411,17.655398,7.071632,-24.297470,18.798883
412,-6.355878,-16.225763,-8.994897,17.580101
413,-8.761774,-4.392974,20.050203,-7.201439
414,-4.015604,7.346781,9.209262,-1.839444
415,-21.476754,2.826626,-20.218872,19.069614
416,-7.820835,-6.315366,-6.634724,28.737956
417,-6.695768,10.730180,-47.552467,14.704740
418,1.163620,3.240309,3.709891,0.799416
419,0.623092,-35.293935,-11.566405,41.600056
420,0.785061,0.842583,11.906081,-9.947110
421,13.178707,-21.491710,-23.615453,25.179196
422,-7.641500,3.984527,-8.593402,4.289579
423,3.608533,3.248962,-4.665209,1.669217
424,-17.643281,-9.582867,-25.895182,33.573885
425,-5.999245,-10.181943,22.890627,-9.079469
426,-6.100031,-6.268331,22.973981,-15.596209
427,-14.029163,-12.086892,29.797655,-11.416620
428,-14.099644,-1.114985,-18.135766,9.408376
429,-7.496232,-11.260217,18.736660,-6.023005
430,17.249215,-3.374430,16.754160,-14.491800
431,14.021639,-2.502962,-30.343901,25.398642
432,4.067399,20.125228,-7.779003,37.165378
433,-21.521575,-7.237183,-18.453566,41.180511
434,-6.245152,-0.175599,-5.463245,30.383789
435,1.566142,-13.005985,-12.363894,15.275360
436,-2.699109,-3.725431,18.934230,-12.583177
437,2.448887,-11.530593,14.092313,-25.840007
438,6.521013,4.790203,16.251740,-10.838841
439,15.742425,-8.799130,10.852311,-28.791677
440,13.191734,-3.113875,-16.354517,22.369956
441,9.766037,-6.869780,-15.378555,20.599595
442,1.148111,7.263295,8.187534,-14.077843
443,12.433832,-12.616676,-21.736635,15.796193
444,-6.298413,-7.906020,23.200021,-16.265716
445,8.992708,-5.062865,19.768372,-21.618501
446,-9.086447,-3.530635,-16.618085,19.350746
447,4.121820,25.727164,-21.326369,22.733576
448,3.494120,-8.790197,-32.039662,24.544704
449,3.395375,5.171459,-9.158272,15.593773
450,-25.001265,-2.600877,-15.265199,35.114862
451,-21.024645,-3.429293,-19.635268,29.878120
452,1.942431,7.643060,5.892075,-2.269018
453,17.241643,5.817871,-15.181205,25.058540
454,-4.830710,-1.330201,-5.125044,21.139881
455,6.805723,-5.423289,9.707303,-28.546983
456,10.164598,-27.304570,-20.117441,21.153010
457,-2.067561,-2.317287,-4.553613,1.477978
458,-7.411302,-10.503136,19.753951,-22.265770
459,4.980259,21.448950,-27.358053,16.958589
460,3.443646,11.029044,-14.888939,15.177327
461,6.960908,5.186270,17.342003,-15.849710
462,18.060724,-1.896571,18.939472,-16.549018
463,-22.770125,7.216013,-30.179796,13.152860
464,12.254211,5.362481,-21.590512,25.196770
465,-5.479523,3.922606,-6.498275,37.632497
466,13.729992,7.295263,-16.654839,23.987083
467,-4.320034,-3.929638,-7.972871,10.349094
468,-26.995812,8.616904,-24.841542,24.415562
469,-4.875340,-10.279979,13.245110,-22.157125
470,0.396489,-0.627594,9.941640,-6.816120
471,-21.535213,-5.946134,-27.936713,25.715143
472,4.873242,13.397139,7.540504,-24.935447
473,-40.938249,-6.339021,-37.810021,24.690646
474,-9.571103,-2.559140,17.733815,-20.556137
475,7.700633,-6.177224,-28.705504,26.667862
476,2.001649,-15.445267,27.667219,-14.078226
477,10.059943,8.014028,-15.172846,20.938386
478,-5.639887,6.528947,9.839571,-21.046279
479,6.085318,5.602425,-18.088054,16.740931
480,12.322695,14.688991,-23.468044,27.831672
481,12.504400,4.346859,-20.693754,21.351422
482,0.398772,2.075407,11.833587,-23.123480
483,-5.497795,-0.386508,7.483670,-6.731981
484,-1.480823,-7.184495,21.388530,-12.239516
485,16.607363,13.319959,-33.911620,26.077956
486,-12.931855,20.799588,-55.647131,10.178973
487,12.298445,16.479245,-34.185017,23.975578
488,-16.248795,-11.986638,-10.898184,49.446312
489,15.771942,-0.228373,-16.072662,25.306149
490,5.080818,6.360445,-14.358094,17.639984
491,-2.665187,2.369485,14.206333,-26.647102
492,-19.248680,7.859074,-18.309778,20.555457
493,0.524009,1.567634,13.075367,-17.339192
494,-13.594878,24.704625,-39.784676,11.419767
495,16.403937,-0.348154,19.401356,-16.496212
496,0.818882,0.206946,7.383116,-2.054664
497,-2.212750,11.635021,9.958834,-9.225769
498,4.407928,0.111582,-16.682212,15.284893
499,19.989795,15.993904,-27.095266,30.249763
500,4.695712,5.755622,-21.898912,18.016407
501,16.631080,18.411360,-24.438053,28.008836
502,-10.891441,-10.542304,-10.450941,40.017319
503,-0.122550,-4.590075,-3.722721,2.608648
504,-4.985835,11.116847,13.050642,-16.328916
505,13.473005,-3.462765,16.231811,-19.609673
506,7.449706,5.562699,-28.842039,21.374467
507,17.546268,1.572090,-32.763111,19.831953
508,-29.805259,-7.084795,-20.751083,42.300331
509,10.815448,17.487942,-19.174774,21.650595
510,-10.160515,-1.543419,19.106284,-15.871690
511,9.330334,18.673912,-22.120994,21.401002
512,-4.731406,-3.961883,-10.074602,18.788787
513,-29.444328,14.440312,-55.410051,9.357736
514,-0.112627,-0.535891,-1.799398,2.696369
515,-1.046861,-21.139724,-18.772741,26.848502
516,7.338869,-6.844260,-15.397438,6.943430
517,-8.419422,-5.450768,17.137421,-22.072367
518,16.797872,-3.160776,-18.897254,11.050734
519,-10.072576,16.139957,-51.142854,12.084853
520,10.496095,-20.684301,-25.111494,27.782571
521,4.973601,1.738739,14.343558,-3.369802
522,-8.129337,-11.919413,17.606685,-11.376288
523,-22.983255,8.533879,-30.481489,11.722596
524,-18.619865,-7.564566,21.105252,-18.461838
525,-5.364150,-5.907930,20.627856,-21.328325
526,-1.282056,0.091990,4.407908,-0.289556
527,-18.697286,5.266949,-18.918145,21.455249
528,1.147515,7.976809,-20.220266,27.729613
529,-11.701149,-7.824108,21.299724,-19.880068
530,4.689899,7.030719,-10.839764,16.276856
531,-2.152127,6.152184,11.239443,-11.086375
532,9.790855,1.337689,-21.825476,16.724789
533,-12.886832,1.171903,-21.096764,3.478232
534,-8.167921,-6.404132,-23.376990,7.510922
535,12.922434,2.393666,-12.163586,22.211081
536,1.864422,-2.280066,7.733687,-6.149493
537,4.193934,-1.789369,6.723453,-0.955578
538,7.770346,-1.388457,19.081648,-19.629989
539,3.517353,-3.839331,11.853519,-22.822782
540,-6.024761,17.947708,7.108850,-26.235989
541,-12.294945,-5.148094,-18.467156,12.006824
542,22.489841,8.804710,-25.899575,25.469062
543,-0.417697,-3.394291,7.990282,-2.130642
544,-12.333906,0.841907,-21.026451,21.512019
545,-2.548926,23.229029,-28.025417,20.347682
546,12.800807,1.481456,16.642213,-13.122198
547,-2.134354,13.910361,7.407466,-28.743097
548,17.291590,-5.114600,18.175536,-14.490475
549,7.207481,-2.481457,-11.062807,17.473847
550,-10.038063,-1.806113,-12.695039,11.423789
551,-2.406091,-13.886621,16.494057,-25.163971
552,0.416369,8.670357,-12.186333,15.435494
553,15.543773,-10.869202,12.000392,-13.999863
554,-15.807772,-8.506204,-15.082416,36.331012
555,4.790097,-30.649922,-17.648509,38.033061
556,1.547907,4.915013,-0.042707,-1.029926
557,7.283015,11.959253,-21.990928,17.827406
558,-3.488334,4.161317,-8.354600,9.030216
559,-8.678424,8.413043,-40.714430,9.959418
560,-4.861811,-4.864907,9.663317,-6.097716
561,2.831244,-2.495664,-15.466348,12.357188
562,25.271071,8.828497,-28.215467,22.602654
563,3.007227,20.839631,-39.181070,13.005378
564,-4.250465,11.893297,10.210863,-13.079332
565,-12.998380,-5.623480,-14.698362,36.163224
566,-30.238518,-4.445035,-24.733803,34.866931
567,-3.700391,7.890096,10.271699,-10.051751
568,9.896622,2.163933,20.233661,-17.283808
569,-3.611288,-6.952553,-9.470985,12.178828
570,0.381919,6.132383,9.331599,-6.076083
571,-15.617741,-6.374933,20.890597,-17.976099
572,12.747123,-1.785336,17.495171,-7.957570
573,-11.092812,-7.140088,22.009721,-10.958214
574,5.965187,-9.391080,24.172369,-6.830778
575,-14.263981,1.711631,-47.339625,16.232717
576,-8.219821,6.682101,7.986452,-9.069711
577,-3.412811,12.234873,10.297434,-25.975227
578,-1.020257,-13.228632,-11.826859,19.011913
579,-12.166748,-6.270034,22.180148,-19.280907
580,2.349916,-1.641065,11.807159,-8.788304
581,11.180771,3.459529,18.487570,-17.182041
582,-11.441589,-11.216699,-16.508043,42.492740
583,14.838093,2.718549,18.659065,-9.017587
584,10.906161,0.218378,19.144678,-16.913783
585,-5.399943,6.534022,5.127763,-4.200398
586,-5.973713,28.792715,-13.951980,29.340885
587,-1.193714,-3.757710,-5.622839,9.817429
588,-4.408258,-2.540669,17.888951,-15.245005
589,-0.306560,3.950231,1.511156,2.741521
590,10.024850,-3.535720,-28.615537,25.620079
591,2.494300,1.341536,-0.434870,4.433567
592,-6.854486,6.052862,8.297591,-12.620974
593,-25.887505,-2.438801,-20.717618,29.886160
594,1.485505,10.359966,-17.890173,16.285885
595,-4.142543,9.274686,13.889992,-16.022990
596,14.840546,-29.365487,-25.064260,33.249528
597,5.038727,0.419781,-28.455786,21.132444
598,-6.664947,2.040475,-7.265768,18.905194
599,-15.757458,15.096082,13.650739,-20.953827
600,4.125608,-2.762888,11.059746,-19.828361
601,0.008176,5.873831,-27.757940,26.453151
602,2.709789,30.067742,-25.032322,23.075627
603,-9.070227,1.829911,-7.689992,14.193092
604,5.991879,2.381712,11.027158,-5.072141
605,-4.141316,17.656974,12.797548,-21.875767
606,7.829256,-0.356584,10.631720,-1.498846
607,-15.907518,1.813877,25.210004,-15.199514
608,-33.730898,10.062402,-36.478191,25.612933
609,0.820215,-2.212207,8.988838,-2.679152
610,13.724303,-7.499369,-17.638931,10.837802
611,1.297093,-9.137689,16.432972,-8.329565
612,1.397846,3.751513,3.250354,1.190893
613,-7.344690,17.335165,9.185052,-22.349584
614,-24.637927,7.838118,-26.218853,17.555415
615,-1.041435,4.675861,16.436094,-23.450577
616,5.945125,4.495903,14.781609,-4.265435
617,0.837732,3.032352,1.362972,0.306420
618,2.430465,0.442287,4.748992,-1.833896
619,2.853406,-2.771361,-7.301438,4.054973
620,13.635087,0.470865,19.114762,-20.273375
621,3.942746,1.360966,2.223490,3.949932
622,5.116795,2.226019,10.163935,-6.223881
623,-10.633936,4.216357,16.036893,-17.938547
624,4.472531,-0.320586,9.154891,-22.607553
625,-8.921387,4.851568,16.240063,-12.685484
626,-20.071021,-10.524851,-14.842797,46.984222
627,17.367653,-5.028216,18.490091,-20.317597
628,-4.595945,16.517626,10.003301,-21.680026
629,7.848945,2.272597,17.439183,-21.350796
630,-14.743262,15.158203,8.089659,-23.158830
631,13.912049,-2.824801,21.401980,-17.830576
632,-4.050443,-3.654978,14.256954,-7.555855
633,-4.031605,1.570391,-2.432711,0.325480
634,20.304282,-5.292051,19.670342,-20.982314
635,1.334170,14.478666,-13.876655,43.338962
636,-0.164586,-14.211647,10.728964,-28.035504
637,-0.212717,-14.727528,27.056069,-13.921083
638,4.021644,-7.675109,-17.825233,11.904733
639,9.152298,1.362196,14.081852,-6.110272
640,0.643122,-14.682577,-6.799438,29.883769
641,14.260664,-1.575749,19.268006,-9.580495
642,15.624780,13.203788,-29.474300,25.913967
643,-4.631920,8.220404,-35.576550,16.365945
644,-17.276714,0.812998,-22.963377,11.108202
645,-1.258179,8.827260,15.965212,-13.970894
646,7.301702,1.671687,13.344971,-8.069922
647,13.192942,-13.877428,9.791293,-17.610619
648,-9.910064,-11.682116,26.418397,-9.043605
649,9.259379,5.892428,15.930611,-7.802066
650,3.298440,-1.240363,6.842767,-2.195652
651,-2.231749,15.109700,8.250105,-14.636304
652,11.182043,14.115816,-20.232538,8.715214
653,-17.393783,9.102002,14.032659,-27.380446
654,-8.471992,-11.645209,14.663328,-13.009636
655,-5.068927,-9.582868,-13.590496,24.521612
656,-4.068392,-3.812092,14.582811,-12.544927
657,-22.339161,6.541118,-27.219904,16.323893
658,-15.998596,6.783102,15.721496,-22.592410
659,-31.104910,-5.079297,-26.041019,34.588355
660,-2.192346,-15.933002,-12.236119,17.495629
661,4.186636,-3.807775,17.850322,-4.890762
662,-5.576833,-3.243240,-3.814384,7.229748
663,24.805718,-1.675781,-22.441780,26.553608
664,8.576083,11.293165,-17.335342,22.948728
665,-28.342048,4.772177,-33.317355,19.936942
666,4.260430,0.914130,5.412913,-1.214003
667,18.009348,-3.565847,18.583273,-21.540447
668,-0.346340,-22.189403,-17.055063,41.994683
669,15.546821,-2.456042,16.572202,-13.130372
670,13.468306,-3.966522,18.287805,-18.399795
671,-4.040392,2.594394,-10.649279,27.982818
672,-1.868435,0.360864,14.565354,-9.697314
673,0.762997,5.272824,14.716956,-22.274177
674,0.374118,-12.187452,18.591173,-25.346988
675,-16.451718,-7.741846,23.650250,-13.939513
676,-10.153071,-13.085252,21.824616,-4.779727
677,-7.656296,9.751684,14.835340,-23.607054
678,-1.399125,14.234751,9.899290,-13.469327
679,-9.021111,-3.260877,13.511762,-6.877751
680,10.195251,-15.516675,14.314235,-26.489761
681,-24.715343,-2.106899,-21.713547,36.710193
682,-9.109019,-4.280839,12.535848,-7.686713
683,1.649465,-1.593328,22.020470,-18.958373
684,5.270125,-25.782083,-17.944041,32.792381
685,-2.516210,2.141063,2.397697,3.910291
686,4.239277,-27.301900,-21.150935,33.659499
687,5.029631,-20.692051,-21.551351,29.548543
688,8.658778,2.453520,14.341306,-6.804333
689,-5.476987,-7.794583,18.826076,-20.515654
690,16.342367,7.619329,-21.541129,19.664857
691,2.669598,-5.230518,11.004190,-4.262247
692,0.253376,-14.195168,13.832326,-23.111696
693,-15.511148,-0.499009,18.107327,-14.913835
694,5.579774,3.523548,7.992580,-1.975643
695,20.136449,0.987777,-21.028923,25.367585
696,0.667615,-7.438515,9.963581,-1.699530
697,-22.578780,5.026141,-48.225481,14.107289
698,-23.087906,2.380844,-26.445887,16.727280
699,-1.157760,-8.221894,-14.124783,12.497693
700,-12.155606,-6.022615,18.572369,-14.508719
701,9.433322,0.141768,-16.801853,23.277266
702,-2.416412,-2.254185,-5.973869,6.031804
703,-6.443279,-3.690251,-12.450116,22.350578
704,13.715797,-2.785376,-33.275045,19.279922
705,2.804343,-19.041265,-15.849861,40.023060
706,3.558455,2.245175,9.715411,-2.557823
707,-18.078795,0.458411,-20.943013,17.121428
708,-6.073257,23.062645,-43.123872,15.405355
709,-15.935335,13.324338,10.406411,-21.669170
710,0.860842,1.440135,18.795487,-17.783072
711,22.491326,-9.115592,21.055364,-17.695206
712,-13.650672,8.435932,12.840200,-12.786991
713,7.791061,-27.531598,-11.490762,46.773555
714,-3.647029,0.370206,4.959656,-2.539146
715,-6.176236,-14.291204,24.920963,-11.355056
716,-31.727961,-7.370491,-31.082834,22.294175
717,9.717206,7.292437,15.831115,-21.581757
718,-0.668245,-4.247528,15.243062,-22.220303
719,-5.364326,-18.940496,-31.183905,28.347829
720,-12.042644,-13.638955,22.607578,-16.698040
721,9.809833,0.850701,17.165559,-22.045394
722,-3.185780,2.209961,0.617478,3.292016
723,4.059963,24.625611,-17.606797,18.394098
724,1.618123,-7.085121,4.070193,4.275366
725,-6.850636,-11.459694,16.884499,-24.117664
726,6.708884,-6.126418,-13.792275,11.287911
727,10.810722,11.278481,-21.432693,24.983253
728,18.262611,0.412569,18.298598,-16.722314
729,14.153704,-15.705442,-18.122833,20.236411
730,2.103948,-7.971313,-13.108040,5.495613
731,-2.792981,3.728492,16.182811,-8.612835
732,-6.542827,-13.704176,-14.500557,44.565121
733,-27.594629,6.800538,-24.544102,33.965505
734,28.925636,-10.931173,-23.312006,32.387211
735,6.643818,24.284442,-33.874739,20.606888
736,-19.480640,-2.475880,-23.333942,36.887741
737,-5.785677,11.990761,10.813263,-16.246121
738,13.166942,1.404387,-36.055508,21.797350
739,8.578902,5.132036,-9.376389,10.586384
740,-5.423813,-15.654954,20.001913,-18.836790
741,-0.991776,-15.784440,-25.666079,34.624826
742,12.494069,-15.711572,-24.421680,26.058703
743,13.090792,-11.669500,-22.813968,23.019732
744,-1.440090,1.657164,-33.727946,10.492622
745,-0.177478,-9.758657,15.722202,-4.367092
746,13.319313,13.857505,-23.576224,26.510061
747,-17.600242,7.285436,13.213918,-18.687486
748,11.267368,-17.880819,-25.980843,29.103385
749,1.114343,0.109896,3.497318,4.371404
750,16.712877,-4.160131,20.669061,-12.951188
751,-21.961482,6.842060,-46.126486,6.433558
752,-2.260319,14.091920,6.229170,-14.752495
753,-23.045757,-0.150773,-18.931060,30.641681
754,-20.196929,-13.402661,-29.690245,32.682926
755,-24.156928,-2.431537,-18.088993,45.693408
756,2.250504,-5.583015,-9.403173,2.735662
757,-7.137150,-5.816711,23.868296,-11.065936
758,-21.744656,2.185447,-25.629641,20.568298
759,-8.242108,10.682582,-22.929034,14.643430
760,-2.422612,-5.148466,6.276189,2.122128
761,11.081174,-1.722716,13.321522,-7.953304
762,-15.296754,-10.967754,27.526945,-13.362062
763,-4.966157,1.064235,10.292973,-9.112586
764,0.686404,-10.005917,-10.033513,27.454532
765,7.737832,-14.913299,-22.513544,23.408204
766,-5.211332,-3.626433,14.383073,-12.814844
767,-4.849124,3.973260,10.770632,-5.067389
768,-9.683411,1.022337,-12.456424,8.245887
769,13.343121,12.042090,-30.427853,21.830688
770,15.382797,-4.977194,18.819903,-18.329693
771,7.274230,4.169186,-5.036313,12.490536
772,0.872259,-1.302163,21.947995,-20.241818
773,1.916959,20.030658,-20.843674,17.904680
774,8.327419,-3.495969,-15.928180,0.883532
775,1.806716,-7.859747,15.847226,-26.101036
776,5.055676,-21.832113,-17.902830,34.770325
777,-3.752766,6.351803,5.825857,-3.506206
778,-34.008865,3.565348,-45.881314,10.404172
779,-2.169360,-7.464985,-9.765018,9.101331
780,5.138057,17.269942,-39.935094,13.083744
781,11.005646,4.243256,16.247715,-8.769160
782,5.656272,-27.770433,-16.143251,26.864062
783,-9.445489,19.844975,-38.427960,13.277186
784,7.845324,1.879829,3.477439,-0.731846
785,-0.999049,-16.452262,26.608614,-14.120513
786,7.656258,-11.725453,19.151182,-13.942479
787,10.318235,-11.153362,11.698649,-26.248581
788,19.244803,-19.594051,-23.103017,17.635866
789,-1.484121,-0.797767,7.837925,-2.945422
790,-7.913280,11.706710,7.095734,-13.747358
791,6.116847,-4.305967,9.019958,-12.101787
792,-5.914802,-3.277763,-9.071951,21.254489
793,-29.801593,-9.540758,-19.586371,41.131671
794,-11.324290,11.145167,16.789119,-22.231674
795,-1.529530,15.999892,-15.900600,43.268433
796,-4.657191,-11.585646,-26.001013,21.103556
797,6.937319,-1.671843,-24.958696,14.478450
798,-8.780993,-14.931759,-16.879597,41.764407
799,13.218013,-2.102626,18.569377,-17.889788
800,12.372242,3.532416,18.130882,-12.336487
801,-1.770575,-0.453790,11.769338,-10.588134
802,-26.282481,-12.332125,-17.725982,43.653529
803,8.744761,-1.888490,13.383000,-1.253751
804,-4.305076,-0.512407,-7.196304,9.548440
805,-11.688824,-19.402337,27.975073,-9.596838
806,2.155323,-9.011493,8.314174,-4.695427
807,-0.003218,1.981186,-5.237956,11.228952
808,7.368236,-8.371028,-10.253306,38.090433
809,5.926188,-13.093860,-27.044305,26.561220
810,-10.403904,12.613623,-11.814566,44.648748
811,18.838988,0.165903,17.253633,-20.726380
812,1.050644,5.833594,19.759107,-17.258837
813,2.921462,-11.322011,13.311963,-23.126147
814,-14.347838,3.535935,-16.256926,28.914186
815,13.958750,-1.298013,16.621773,-11.988562
816,2.455436,-6.379954,-25.299499,25.387093
817,-6.157507,-7.425177,14.888736,-5.967641
818,4.361937,2.294292,10.626728,-7.697856
819,-0.729922,-4.953094,-11.889438,5.142369
820,-4.850637,-12.214525,15.350019,-22.463339
821,1.605765,3.070079,9.639518,-11.906214
822,3.929903,2.000732,8.056693,-3.603456
823,-7.726969,-15.110484,27.801000,-11.690581
824,8.322251,1.515733,18.442824,-18.938962
825,-2.096279,-1.633443,-10.489496,17.015949
826,20.014562,-23.415787,-12.858967,33.775227
827,5.509330,8.003674,-20.433564,17.404149
828,-16.508830,-3.924932,-33.114377,8.497601
829,12.846391,6.365991,-14.250383,32.314484
830,3.577818,-14.650758,14.651322,-12.800371
831,17.560786,-0.307927,19.153013,-16.285186
832,18.146550,-0.418654,16.888613,-17.493986
833,-1.387618,13.570206,8.368585,-13.073110
834,-3.963413,-1.324620,18.793448,-13.422827
835,-27.042963,2.703830,-30.154058,23.568161
836,-14.087658,0.386577,-15.801155,22.735384
837,10.143851,-3.354340,-16.740518,2.660574
838,-1.592938,-11.539636,21.029084,-4.778692
839,-10.173297,-9.727933,-13.655337,36.080162
840,-4.589357,7.219061,1.802729,-2.543684
841,-3.389169,11.077531,7.013741,-25.473006
842,-5.853352,-5.258808,-11.388417,25.359899
843,-6.163242,-4.855188,14.971875,-9.777332
844,5.576055,-13.983143,16.325655,-20.280858
845,4.280879,6.185365,4.886655,-2.024942
846,1.568557,0.712458,3.614216,1.316237
847,6.606435,4.403572,15.968555,-12.275615
848,14.721975,3.862392,18.520829,-10.150236
849,5.566719,-2.641628,20.867383,-11.733153
850,6.666466,4.466303,13.065677,-5.382296
851,9.452614,-32.000503,-16.661521,35.868011
852,20.322378,4.517556,-24.621818,24.335321
853,0.072724,-1.302859,6.265810,-1.678191
854,-26.363344,-4.922659,-25.957025,28.832462
855,13.443320,0.304780,16.199145,-12.232581
856,14.288335,-3.433839,19.943088,-13.493706
857,-18.956613,0.979332,-33.225785,7.491850
858,-18.582313,-4.983295,-26.271656,11.926406
859,16.550169,-18.310690,-23.647409,17.243116
860,-2.428910,7.252790,16.542170,-23.775531
861,11.943040,4.287100,16.678139,-20.005803
862,-14.832484,-6.318060,-38.490126,16.099376
863,-8.766425,-19.496759,-12.554399,19.129255
864,-18.310483,11.843995,-30.720802,17.352684
865,29.074127,4.517719,-27.224433,30.372644
866,0.105652,-3.453295,7.587454,-2.688339
867,-16.926574,20.647550,-44.848079,9.970797
868,17.318895,-10.187663,-25.831272,24.113698
869,-0.946386,7.201888,8.770766,-8.349473
870,19.328490,-2.774700,18.946499,-22.493748
871,-15.697584,2.694444,-20.888274,19.849145
872,-16.296680,-2.176025,-18.790411,26.548492
873,-15.360034,-8.095279,22.624754,-11.297387
874,-1.961158,-11.496556,22.117382,-13.300669
875,-29.586678,-17.756736,-18.293033,46.296205
876,2.282306,-4.204994,19.266027,-5.147549
877,-10.367371,-4.386390,16.767988,-13.575978
878,16.818668,0.340972,19.535768,-10.224293
879,8.483285,4.386393,13.869201,-8.726256
880,-5.802772,-14.331443,24.240997,-5.168444
881,10.133682,-11.443708,11.369227,-28.908810
882,11.293458,-1.742331,13.116671,-12.886817
883,18.656020,1.890089,-24.366211,23.503874
884,-23.560623,-4.412932,-29.113717,23.977333
885,-1.082418,4.029560,-0.056273,1.844800
886,-8.940503,-4.341923,18.175616,-9.211798
887,-8.414330,16.935923,10.422210,-21.556856
888,0.565980,5.338945,3.284771,-1.835090
889,4.267744,0.635241,6.383553,1.868625
890,4.932354,-0.785638,7.378014,1.138912
891,-5.966085,0.052120,-7.528068,10.093972
892,-0.781991,-1.246134,11.054430,-9.980191
893,10.346228,-0.017049,18.064661,-13.757383
894,-4.320546,-5.520425,14.286063,-18.417909
895,-7.408116,-0.654151,-13.351425,13.277583
896,-7.271646,-10.055917,19.072226,-4.190264
897,-7.404609,-9.515012,23.979041,-12.656493
898,-10.341345,-16.400041,-13.672290,18.526895
899,3.101288,0.677657,5.523608,-2.348576
900,-0.643752,-9.673686,18.000092,-1.238297
901,7.534594,-3.719451,14.453603,-4.835059
902,-2.600333,-34.242585,-11.154174,41.139192
903,2.569681,3.631067,10.635531,-8.410313
904,0.340841,-7.155677,15.334630,-24.985206
905,3.498535,-2.008442,-26.249695,23.352237
906,-5.181366,-3.861118,12.287853,-4.345041
907,-10.264845,2.904412,14.995874,-24.102852
908,11.045013,13.567383,-21.496871,17.396353
909,-31.237499,-8.265219,-20.654955,40.586300
910,-5.677916,13.171834,8.144710,-13.899143
911,1.133544,9.217785,5.691520,-4.117329
912,3.262105,-0.575649,5.212359,1.932492
913,5.198952,-8.029541,-12.349355,19.057258
914,-14.420473,16.936943,8.729414,-21.925355
915,-20.617645,7.446380,-26.380148,9.449030
916,-17.046547,3.006912,-18.798404,13.206591
917,-4.101564,15.155624,8.369884,-12.766309
918,-2.864235,-6.157109,-6.806905,27.072817
919,15.449742,-9.143417,21.758771,-19.236118
920,-5.388882,15.405668,-34.684543,15.678981
921,-1.652662,8.697145,8.007071,-4.135661
922,13.406637,-22.152687,-13.805197,22.243114
923,16.818471,12.629662,-16.791918,24.199270
924,-2.274503,8.535420,5.576779,-4.926292
925,-4.247867,11.249390,13.277552,-22.776068
926,1.563469,2.620417,2.979330,0.120328
927,-8.434026,-8.988631,-5.577182,51.076523
928,-29.796465,27.487646,-49.628578,13.570716
929,16.615820,15.500457,-26.078686,26.053971
930,13.926941,14.719447,-35.210936,19.443637
931,-12.763939,12.421019,12.209382,-27.223237
932,14.100091,12.504107,-31.274957,22.141440
933,-2.374934,1.906121,-1.683930,2.814214
934,11.393140,0.356366,-19.033512,21.875746
935,10.715750,-1.146297,13.396036,-16.180661
936,1.788024,-4.660150,7.484686,-1.328351
937,-14.699747,-6.086813,-13.771540,34.863827
938,-1.749940,0.096319,6.686405,-1.703957
939,7.299632,-0.120490,16.325834,-20.527722
940,9.505614,8.146844,-11.330636,17.946774
941,-2.498799,11.538513,9.783903,-24.095419
942,9.230972,1.528503,10.834494,-7.116870
943,16.781245,-3.186988,17.318815,-19.355942
944,8.760417,3.368942,-42.796923,17.350502
945,15.945464,-1.137862,17.936808,-16.131678
946,4.131109,-5.482721,18.431240,-22.416763
947,4.407080,17.645894,-30.858987,19.180492
948,12.644897,-0.238459,-24.178279,20.200251
949,7.841829,5.145473,14.661422,-7.872273
950,-4.827294,11.568194,-19.956931,11.127547
951,3.678156,4.878488,-10.353401,10.174152
952,-3.396222,-6.551295,19.970194,-11.282209
953,2.921184,-6.656891,-9.340209,9.126732
954,5.919999,2.894899,-17.753576,21.203135
955,-2.173869,2.999752,-3.556892,0.951842
956,11.557824,1.327429,-28.654331,19.112927
957,-4.038031,10.297217,11.191073,-9.413332
958,19.112257,7.283183,-27.308446,28.213135
959,1.153261,5.373491,12.315035,-6.908273
960,7.651527,-28.663852,-16.648114,37.377728
961,-2.081979,4.603834,-17.791227,8.489674
962,12.146780,-10.729488,-23.534920,21.258072
963,-19.322521,-16.790178,-25.288232,35.863869
964,11.366084,0.478033,14.215969,-11.559163
965,-3.033535,7.167024,9.315995,-8.107606
966,8.218910,-5.734235,-14.277547,17.570812
967,11.698849,0.400168,17.582732,-12.796702
968,-21.737392,12.854828,-42.086299,20.475499
969,5.372213,-15.143604,-17.219762,14.422617
970,16.067776,-0.238835,18.689047,-11.904638
971,18.511811,-1.111916,22.444692,-16.544960
972,15.949399,-0.023810,18.305419,-15.390620
973,5.473447,-6.814032,8.207465,-3.927939
974,29.272546,0.714873,-26.396907,30.054554
975,-2.826387,4.639743,12.786860,-22.874189
976,10.428530,21.677543,-21.331960,18.413944
977,-19.446253,-1.924106,-18.937631,36.533393
978,-4.733891,-0.420258,2.394809,3.995190
979,5.620501,-4.042478,5.827633,1.781767
980,-13.888956,7.602187,12.545941,-19.029414
981,10.483022,4.742053,-19.833266,18.933933
982,14.876217,13.582803,-26.083264,28.081540
983,9.491172,-1.505001,-16.064773,9.836216
984,-9.378812,11.646142,13.109850,-23.207718
985,10.765175,17.973786,-13.234183,18.472498
986,20.580040,-1.189213,19.208186,-20.179320
987,15.582532,-4.324518,-14.770371,30.211541
988,-4.827961,-7.700553,13.169388,-15.793018
989,-5.460918,-6.566933,18.134779,-17.716402
990,-4.192592,16.322317,-27.635585,10.477756
991,-26.272571,10.755080,-33.213770,28.840667
992,26.539615,0.519454,-29.993796,29.640630
993,-18.394862,6.853882,-25.324221,8.969605
994,-1.544716,-13.068702,-12.526518,33.284586
995,-20.459067,2.025940,-25.430999,15.424365
996,-7.954668,-7.405218,19.505478,-10.288877
997,-23.951793,6.878936,-24.865011,17.010663
998,-7.574773,12.212904,11.491834,-16.736543
999,9.747570,23.551124,-16.674391,29.293837
1000,-4.637325,5.168999,6.765469,-5.478291
